"train_filename","original_filename","original_path","screen_id","title","source","source_url","panel_count","material_or_surface","caption","original_width","original_height","processed_width","processed_height","cropped","needs_manual_review","notes","image_type","original_sha256","processed_sha256"
"T0001.jpg","additional.jpg","E:\Desktop\论文写作\屏风-文化遗产-计算机交叉-张方瑾老师\实验\data\train\S001\additional.jpg","S001","清 馮朗公 宮苑圖 屏風-Palace Scene MET DP263630.jpg","Wikimedia Commons","https://commons.wikimedia.org/wiki/File:%E6%B8%85_%E9%A6%AE%E6%9C%97%E5%85%AC_%E5%AE%AE%E8%8B%91%E5%9C%96_%E5%B1%8F%E9%A2%A8-Palace_Scene_MET_DP263630.jpg","12","Twelve-panel folding screen; wood, painted, lacquered and with gilt","chinesetradscreen, traditional Chinese folding screen, multi-panel screen, 12-panel screen, wooden frame, lacquered surface, painted panels, overall frontal view, continuous composition, decorative panels","960","466","960","466","no","no","","scaled_800px","580fc4d6063b682052a854d077acd7ae304df5c5295771b671a6cb7a0e312bc1","5cd852e33d2fe7a92651d54d513fb0a46e86b43e5db77dff0264a6751d2c82e5"
"T0002.jpg","additional_01.jpg","E:\Desktop\论文写作\屏风-文化遗产-计算机交叉-张方瑾老师\实验\data\train\S001\additional_01.jpg","S001","Palace Scene","The Met","https://www.metmuseum.org/art/collection/search/61665","12","Twelve-panel folding screen; wood, painted, lacquered and with gilt","chinesetradscreen, traditional Chinese folding screen, multi-panel screen, 12-panel screen, wooden frame, lacquered surface, painted panels, overall frontal view, continuous composition, decorative panels","1981","962","1981","962","no","no","","additional_01","1c1f00ce90ac14b86ff1c4dfa54587ff4425cef7b0a6aa6ca99f7479ef1d41fa","a50c0c9a6f1a3504f267563850613abf900d5b327960b052ff54ad947efba4bb"
"T0003.jpg","full.jpg","E:\Desktop\论文写作\屏风-文化遗产-计算机交叉-张方瑾老师\实验\data\train\S001\full.jpg","S001","清 馮朗公 宮苑圖 屏風-Palace Scene MET DP263629.jpg","Wikimedia Commons","https://commons.wikimedia.org/wiki/File:%E6%B8%85_%E9%A6%AE%E6%9C%97%E5%85%AC_%E5%AE%AE%E8%8B%91%E5%9C%96_%E5%B1%8F%E9%A2%A8-Palace_Scene_MET_DP263629.jpg","12","Twelve-panel folding screen; wood, painted, lacquered and with gilt","chinesetradscreen, traditional Chinese folding screen, multi-panel screen, 12-panel screen, wooden frame, lacquered surface, painted panels, overall frontal view, continuous composition, decorative panels","960","462","960","462","no","no","","scaled_800px","31129b65a32becc66993d3375e087b158fc865fb09c3e2485d91dd9b7a0855e9","ceb5ed16c1b60638b838aa20579c8954289944a4ce108b6852634f37d039417b"
"T0004.jpg","full_01.jpg","E:\Desktop\论文写作\屏风-文化遗产-计算机交叉-张方瑾老师\实验\data\train\S001\full_01.jpg","S001","Palace Scene","The Met","https://www.metmuseum.org/art/collection/search/61665","12","Twelve-panel folding screen; wood, painted, lacquered and with gilt","chinesetradscreen, traditional Chinese folding screen, multi-panel screen, 12-panel screen, wooden frame, lacquered surface, painted panels, overall frontal view, continuous composition, decorative panels","1981","954","1981","954","no","no","","full","b7867324e725f7f760b5afb2062620a493ea125e0fd126f5e6aebd3fa5e3ab04","c4414963bf3123fee7a268cd5172791cf4ad81846d9a7107dd3f3967b78f0861"
"T0005.jpg","additional_01.jpg","E:\Desktop\论文写作\屏风-文化遗产-计算机交叉-张方瑾老师\实验\data\train\S002\additional_01.jpg","S002","Screen","The Met","https://www.metmuseum.org/art/collection/search/64085","5","Five-panel folding screen; lacquer on wood, colors and gold","chinesetradscreen, traditional Chinese folding screen, multi-panel screen, 5-panel screen, wooden frame, lacquered surface, painted panels, overall frontal view, continuous composition, decorative panels","2000","1425","2000","1425","no","no","","additional_01","ba7e01d6d7434034d8e12260505b2b66bba3cf1cf1b943b858958f6d7e21a295","1f115a5214f34c2f65dcc5877be184b0a45a226b10e513345d1ddcc0d405c388"
"T0006.jpg","full.jpg","E:\Desktop\论文写作\屏风-文化遗产-计算机交叉-张方瑾老师\实验\data\train\S002\full.jpg","S002","Screen","The Met","https://www.metmuseum.org/art/collection/search/64085","5","Five-panel folding screen; lacquer on wood, colors and gold","chinesetradscreen, traditional Chinese folding screen, multi-panel screen, 5-panel screen, wooden frame, lacquered surface, painted panels, overall frontal view, continuous composition, decorative panels","2000","1486","2000","1486","no","no","","full","a428c6033fd15eb931567dead78427fa04cd303cee2bc69418b3d02517866dbb","8743e2c0d7609a979fa3775fe62200d6f42bfd051dec753e1d2fa6d87d97e3bd"
"T0007.jpg","additional_01.jpg","E:\Desktop\论文写作\屏风-文化遗产-计算机交叉-张方瑾老师\实验\data\train\S003\additional_01.jpg","S003","Complete Geographical Map of the Everlasting Unified Qing Empire","The Met","https://www.metmuseum.org/art/collection/search/911983","4","Four-panel folding screen; woodblock print; ink and color on paper","chinesetradscreen, traditional Chinese folding screen, multi-panel screen, 4-panel screen, wooden frame, woodblock-printed panels, map panels, painted panels, detail view, decorative panels","3002","4000","3002","4000","no","yes","partial view: only part of the four-panel screen is visible","additional_01","31a4f99e3e5f2d23d648fc18e3123c2e06d766fed25605a4d5fefe913a32b92e","8c6adc1d09db043ec2e299b47db0960c487800b0a56626d41a91524b027be81c"
"T0008.jpg","additional_02.jpg","E:\Desktop\论文写作\屏风-文化遗产-计算机交叉-张方瑾老师\实验\data\train\S003\additional_02.jpg","S003","Complete Geographical Map of the Everlasting Unified Qing Empire","The Met","https://www.metmuseum.org/art/collection/search/911983","4","Four-panel folding screen; woodblock print; ink and color on paper","chinesetradscreen, traditional Chinese folding screen, multi-panel screen, 4-panel screen, wooden frame, woodblock-printed panels, map panels, painted panels, detail view, decorative panels","3002","4000","3002","4000","no","yes","partial view: only part of the four-panel screen is visible","additional_02","5c8358a8377e9357323aa6fbf9dfe6d2ab5f5b8bb10ad8de7bf476f99ad62709","bd8fc25d19658070d979b37d442110539d98d2348251e7127f549fdcecf9a1ec"
"T0009.jpg","additional_03.jpg","E:\Desktop\论文写作\屏风-文化遗产-计算机交叉-张方瑾老师\实验\data\train\S003\additional_03.jpg","S003","Complete Geographical Map of the Everlasting Unified Qing Empire","The Met","https://www.metmuseum.org/art/collection/search/911983","4","Four-panel folding screen; woodblock print; ink and color on paper","chinesetradscreen, traditional Chinese folding screen, multi-panel screen, 4-panel screen, wooden frame, woodblock-printed panels, map panels, painted panels, detail view, decorative panels","3002","4000","3002","4000","no","yes","partial view: only part of the four-panel screen is visible","additional_03","51dba89219818080aabd84ac5c84e174bffeff896fa6d1e977b204faa44d3c82","0f87ded698bd5d168b80b071be6ba1396649e3d1c2d1a576268f42ad60cfb929"
"T0010.jpg","additional_04.jpg","E:\Desktop\论文写作\屏风-文化遗产-计算机交叉-张方瑾老师\实验\data\train\S003\additional_04.jpg","S003","Complete Geographical Map of the Everlasting Unified Qing Empire","The Met","https://www.metmuseum.org/art/collection/search/911983","4","Four-panel folding screen; woodblock print; ink and color on paper","chinesetradscreen, traditional Chinese folding screen, multi-panel screen, 4-panel screen, wooden frame, woodblock-printed panels, map panels, painted panels, detail view, decorative panels","3002","4000","3002","4000","no","yes","partial view: only part of the four-panel screen is visible","additional_04","2010a119b465eb2ae1d43a04065e7d811cd13e7b8673d0a13deb32042d281bb4","8eda1e3af93499b8cb9f461442821f88eefbc506bacf0c86f3ba8ce7c00b0f19"
"T0011.jpg","full_01.jpg","E:\Desktop\论文写作\屏风-文化遗产-计算机交叉-张方瑾老师\实验\data\train\S003\full_01.jpg","S003","Complete Geographical Map of the Everlasting Unified Qing Empire","The Met","https://www.metmuseum.org/art/collection/search/911983","4","Four-panel folding screen; woodblock print; ink and color on paper","chinesetradscreen, traditional Chinese folding screen, multi-panel screen, 4-panel screen, wooden frame, woodblock-printed panels, map panels, painted panels, overall frontal view, continuous composition, decorative panels","4000","2114","4000","2114","no","no","","full","df2b5911d2a68c750a27fe40760cf1317fd5519ead6ffe184ed80bc982f60b17","8f773ac75c7de096037dbb79d053b5972a8242efe8a29e9393acc9e911d3b96c"
"T0012.jpg","additional_01.jpg","E:\Desktop\论文写作\屏风-文化遗产-计算机交叉-张方瑾老师\实验\data\train\S004\additional_01.jpg","S004","Screen","The Met","https://www.metmuseum.org/art/collection/search/64084","8","Eight-panel folding screen; colors and gold on silk","chinesetradscreen, traditional Chinese folding screen, multi-panel screen, 8-panel screen, wooden frame, painted panels, silk panels, overall frontal view, continuous composition, decorative panels","925","739","925","739","no","no","","additional_01","c387ae50495bf211a73c9eda7e41b1279803eff372d7da7a7e0389c97eb8c652","9dd64e80c87400c66b76bcf6ff62b780b7e07c912ae0d5f875f7aa6d179cbe53"
"T0013.jpg","full.jpg","E:\Desktop\论文写作\屏风-文化遗产-计算机交叉-张方瑾老师\实验\data\train\S004\full.jpg","S004","Screen","The Met","https://www.metmuseum.org/art/collection/search/64084","8","Eight-panel folding screen; colors and gold on silk","chinesetradscreen, traditional Chinese folding screen, multi-panel screen, 8-panel screen, wooden frame, painted panels, silk panels, overall frontal view, continuous composition, decorative panels","925","725","925","725","no","no","","full","f2008dfb0ab5d1b548c2fd3f9c25649cc1c7a198a0cbffd3748f4f94d1ec0484","ece5267cea7073986be20903e7ff367d98fc935644c9ae4f87b53497aabb875f"
"T0014.jpg","full.jpg","E:\Desktop\论文写作\屏风-文化遗产-计算机交叉-张方瑾老师\实验\data\train\S005\full.jpg","S005","Folding screen with figures in a landscape","The Met","https://www.metmuseum.org/art/collection/search/64083","","Carved talc mounted on silk","chinesetradscreen, traditional Chinese folding screen, multi-panel screen, wooden frame, carved decoration, silk panels, overall frontal view, continuous composition, decorative panels","4000","3000","4000","3000","no","no","","full","ecfe256cbe9fd1e0b7e84d78aa50030af6f4c4c00ff873d4a2d51271f45e4912","df009b4816633ec10fb4df703c4142da816d71a5617f217dc0e24a79dd17fed0"
"T0015.jpg","additional.jpg","E:\Desktop\论文写作\屏风-文化遗产-计算机交叉-张方瑾老师\实验\data\train\S006\additional.jpg","S006","清康熙三十二年黑漆款彩郭子仪贺寿图屏.jpg","Wikimedia Commons","https://commons.wikimedia.org/wiki/File:%E6%B8%85%E5%BA%B7%E7%86%99%E4%B8%89%E5%8D%81%E4%BA%8C%E5%B9%B4%E9%BB%91%E6%BC%86%E6%AC%BE%E5%BD%A9%E9%83%AD%E5%AD%90%E4%BB%AA%E8%B4%BA%E5%AF%BF%E5%9B%BE%E5%B1%8F.jpg","","Carved red and black lacquer","chinesetradscreen, traditional Chinese folding screen, multi-panel screen, wooden frame, lacquered surface, carved decoration, overall frontal view, continuous composition, decorative panels","960","521","960","521","no","no","","scaled_800px","5e413457a4b5d18c6d564d6abe405fc63e8312ce614ebebddd847f6f371a6ab3","2cb2e12fcf2121cfa42ddc4d41fdc6b53fd30095adab76d28e7d9dc3abc5730f"
"T0016.jpg","additional_01.jpg","E:\Desktop\论文写作\屏风-文化遗产-计算机交叉-张方瑾老师\实验\data\train\S006\additional_01.jpg","S006","清晚期 盧葵生款 剔紅郭子儀賀壽圖屏風-Screen with birthday celebration for General Guo Ziyi MET DP211786.jpg","Wikimedia Commons","https://commons.wikimedia.org/wiki/File:%E6%B8%85%E6%99%9A%E6%9C%9F_%E7%9B%A7%E8%91%B5%E7%94%9F%E6%AC%BE_%E5%89%94%E7%B4%85%E9%83%AD%E5%AD%90%E5%84%80%E8%B3%80%E5%A3%BD%E5%9C%96%E5%B1%8F%E9%A2%A8-Screen_with_birthday_celebration_for_General_Guo_Ziyi_MET_DP211786.jpg","","Carved red and black lacquer","chinesetradscreen, traditional Chinese folding screen, multi-panel screen, wooden frame, lacquered surface, carved decoration, overall frontal view, continuous composition, decorative panels","960","720","960","720","no","no","","scaled_800px","1e8b612aadb5b53323a4423bf3d371d5c1248bbed8d4caf53b6757dc1b837979","091c7bc4b6ddccbd178a8c55d6afb02d5a1c435fb73209ff1c98008a30a1348a"
"T0017.jpg","additional_01_01.jpg","E:\Desktop\论文写作\屏风-文化遗产-计算机交叉-张方瑾老师\实验\data\train\S006\additional_01_01.jpg","S006","Folding screen with birthday celebration for General Guo Ziyi","The Met","https://www.metmuseum.org/art/collection/search/64086","","Carved red and black lacquer","chinesetradscreen, traditional Chinese folding screen, multi-panel screen, wooden frame, lacquered surface, carved decoration, overall frontal view, continuous composition, decorative panels","4000","3001","4000","3001","no","no","","additional_01","9bdf2ceed08753db69c82abdee84369340e68caf97842f1e36839a746f66d2c6","3ada73fda4ccb23babffb0cb2c79c403e338c99c039955364341c4575800373d"
"T0018.jpg","detail.jpg","E:\Desktop\论文写作\屏风-文化遗产-计算机交叉-张方瑾老师\实验\data\train\S006\detail.jpg","S006","Scènes de palais, l’arrivée d’une délégation et les festivités en l’honneur du général Guo Ziyi (697-781) des Tang (détail).tif","Wikimedia Commons","https://commons.wikimedia.org/wiki/File:Sc%C3%A8nes_de_palais,_l%E2%80%99arriv%C3%A9e_d%E2%80%99une_d%C3%A9l%C3%A9gation_et_les_festivit%C3%A9s_en_l%E2%80%99honneur_du_g%C3%A9n%C3%A9ral_Guo_Ziyi_(697-781)_des_Tang_(d%C3%A9tail).tif","","Carved red and black lacquer","chinesetradscreen, traditional Chinese folding screen, multi-panel screen, wooden frame, lacquered surface, carved decoration, detail view, decorative panels","960","2744","917","2744","yes","yes","detail view: a single section rather than the complete screen","scaled_800px","3cae7081b2d2257eae6a85cc0f73a1ac076ae325a1a3d191dcc62367406aeda0","facef7a03a1179829652c8d1170dc628d0cfb3344980cec1009af0d58946f869"
"T0019.jpg","full.jpg","E:\Desktop\论文写作\屏风-文化遗产-计算机交叉-张方瑾老师\实验\data\train\S006\full.jpg","S006","Scènes de palais, l’arrivée d’une délégation et les festivités en l’honneur du général Guo Ziyi (697-781) des Tang.jpg","Wikimedia Commons","https://commons.wikimedia.org/wiki/File:Sc%C3%A8nes_de_palais,_l%E2%80%99arriv%C3%A9e_d%E2%80%99une_d%C3%A9l%C3%A9gation_et_les_festivit%C3%A9s_en_l%E2%80%99honneur_du_g%C3%A9n%C3%A9ral_Guo_Ziyi_(697-781)_des_Tang.jpg","","Carved red and black lacquer","chinesetradscreen, traditional Chinese folding screen, multi-panel screen, wooden frame, lacquered surface, carved decoration, overall frontal view, continuous composition, decorative panels","960","384","960","384","no","no","","scaled_800px","1c11981f856e8b899e6c78a38173d96dd8d10c54111c7c8ff27f794963b1d1bf","58383da98a217cf8b79db606e68c49e5cecac7ce41644d3d8109d350728c119d"
"T0020.jpg","full_01.jpg","E:\Desktop\论文写作\屏风-文化遗产-计算机交叉-张方瑾老师\实验\data\train\S006\full_01.jpg","S006","Folding screen with birthday celebration for General Guo Ziyi","The Met","https://www.metmuseum.org/art/collection/search/64086","","Carved red and black lacquer","chinesetradscreen, traditional Chinese folding screen, multi-panel screen, wooden frame, lacquered surface, carved decoration, overall frontal view, continuous composition, decorative panels","4000","3001","4000","3001","no","no","","full","0480ea3f5ef68300066e04ab8a37995d296d64ebf837752fb4408ef0edc3afaa","094aebb5d3f0f28efff0b93bf567f10ceb78bed99cfd5fba24ced65214bd634b"
"T0021.jpg","additional.jpg","E:\Desktop\论文写作\屏风-文化遗产-计算机交叉-张方瑾老师\实验\data\train\S007\additional.jpg","S007","清康熙 黑漆嵌螺鈿仕女圖屏風-Women in a Palace MET DP141222.jpg","Wikimedia Commons","https://commons.wikimedia.org/wiki/File:%E6%B8%85%E5%BA%B7%E7%86%99_%E9%BB%91%E6%BC%86%E5%B5%8C%E8%9E%BA%E9%88%BF%E4%BB%95%E5%A5%B3%E5%9C%96%E5%B1%8F%E9%A2%A8-Women_in_a_Palace_MET_DP141222.jpg","","lacquer","chinesetradscreen, traditional Chinese folding screen, multi-panel screen, wooden frame, lacquered surface, mother-of-pearl inlay, detail view, decorative panels","960","1280","960","1280","no","yes","partial view: only part of the screen is visible","scaled_800px","445a44e03e2835a06ece7b8d1dd3c27052f029c7ec90e4663cf799ca6b7caf18","511ad3eebae962f40e8a747137e80613aa1e69b89a8ad3efeabea2f269878195"
"T0022.jpg","additional_01.jpg","E:\Desktop\论文写作\屏风-文化遗产-计算机交叉-张方瑾老师\实验\data\train\S007\additional_01.jpg","S007","清康熙 黑漆嵌螺鈿仕女圖屏風-Women in a Palace MET DP141223.jpg","Wikimedia Commons","https://commons.wikimedia.org/wiki/File:%E6%B8%85%E5%BA%B7%E7%86%99_%E9%BB%91%E6%BC%86%E5%B5%8C%E8%9E%BA%E9%88%BF%E4%BB%95%E5%A5%B3%E5%9C%96%E5%B1%8F%E9%A2%A8-Women_in_a_Palace_MET_DP141223.jpg","","lacquer","chinesetradscreen, traditional Chinese folding screen, multi-panel screen, wooden frame, lacquered surface, mother-of-pearl inlay, detail view, decorative panels","960","1280","960","1280","no","yes","partial view: only part of the screen is visible","scaled_800px","18f9dd3bfceb9febd3a3fcdad5de5214a5506bb9d71de2ef57a2822e729abcb8","8b84b1c6f7db1c9dd77f2a8b170181e34ce98763e302f761959c6ed0ed0d4433"
"T0023.jpg","additional_02.jpg","E:\Desktop\论文写作\屏风-文化遗产-计算机交叉-张方瑾老师\实验\data\train\S007\additional_02.jpg","S007","清康熙 黑漆嵌螺鈿仕女圖屏風-Women in a Palace MET DP141221.jpg","Wikimedia Commons","https://commons.wikimedia.org/wiki/File:%E6%B8%85%E5%BA%B7%E7%86%99_%E9%BB%91%E6%BC%86%E5%B5%8C%E8%9E%BA%E9%88%BF%E4%BB%95%E5%A5%B3%E5%9C%96%E5%B1%8F%E9%A2%A8-Women_in_a_Palace_MET_DP141221.jpg","","lacquer","chinesetradscreen, traditional Chinese folding screen, multi-panel screen, wooden frame, lacquered surface, mother-of-pearl inlay, detail view, decorative panels","960","1280","960","1280","no","yes","partial view: only part of the screen is visible","scaled_800px","c143cf24862851d739eed2dd9edd160727101412ad3999672af80f97301e7dd9","955836f04cd5265a66c07f01cb2b140cc76d2a8be90d24491e25cd3f254fceb1"
"T0024.jpg","full.jpg","E:\Desktop\论文写作\屏风-文化遗产-计算机交叉-张方瑾老师\实验\data\train\S007\full.jpg","S007","清康熙 黑漆嵌螺鈿仕女圖屏風-Women in a Palace MET DP141220.jpg","Wikimedia Commons","https://commons.wikimedia.org/wiki/File:%E6%B8%85%E5%BA%B7%E7%86%99_%E9%BB%91%E6%BC%86%E5%B5%8C%E8%9E%BA%E9%88%BF%E4%BB%95%E5%A5%B3%E5%9C%96%E5%B1%8F%E9%A2%A8-Women_in_a_Palace_MET_DP141220.jpg","","lacquer","chinesetradscreen, traditional Chinese folding screen, multi-panel screen, wooden frame, lacquered surface, mother-of-pearl inlay, detail view, decorative panels","960","720","960","720","no","yes","partial view: the full multi-panel structure is not visible","scaled_800px","826014ef047c4a6e3433ed3720f2da8f13d0825270d29a6033e9fa5746d0a7c6","4bf7bc8b2ee1fdb10b868c65d66aa326170137e795f165e9d69f8a2ad89e3f67"
"T0025.jpg","full_01.jpg","E:\Desktop\论文写作\屏风-文化遗产-计算机交叉-张方瑾老师\实验\data\train\S007\full_01.jpg","S007","清康熙 黑漆嵌螺鈿仕女圖屏風-Women in a Palace MET 2001 76g-l recto O.jpeg","Wikimedia Commons","https://commons.wikimedia.org/wiki/File:%E6%B8%85%E5%BA%B7%E7%86%99_%E9%BB%91%E6%BC%86%E5%B5%8C%E8%9E%BA%E9%88%BF%E4%BB%95%E5%A5%B3%E5%9C%96%E5%B1%8F%E9%A2%A8-Women_in_a_Palace_MET_2001_76g-l_recto_O.jpeg","","lacquer","chinesetradscreen, traditional Chinese folding screen, multi-panel screen, wooden frame, lacquered surface, mother-of-pearl inlay, overall frontal view, continuous composition, decorative panels","850","366","824","320","yes","no","","scaled_800px","f3c6fe72bc111fe645c7685307d975378884df4db3153d37aa0b2f17a6a2412c","d985fba145c11c4ba16797e782769fa396603bc32a0152b46b6feb662fedf39c"
"T0026.jpg","reverse.jpg","E:\Desktop\论文写作\屏风-文化遗产-计算机交叉-张方瑾老师\实验\data\train\S007\reverse.jpg","S007","清康熙 黑漆嵌螺鈿仕女圖屏風-Women in a Palace MET 2001 76a-l verso O.jpeg","Wikimedia Commons","https://commons.wikimedia.org/wiki/File:%E6%B8%85%E5%BA%B7%E7%86%99_%E9%BB%91%E6%BC%86%E5%B5%8C%E8%9E%BA%E9%88%BF%E4%BB%95%E5%A5%B3%E5%9C%96%E5%B1%8F%E9%A2%A8-Women_in_a_Palace_MET_2001_76a-l_verso_O.jpeg","","lacquer","chinesetradscreen, traditional Chinese folding screen, multi-panel screen, wooden frame, lacquered surface, mother-of-pearl inlay, overall frontal view, continuous composition, decorative panels","850","353","836","344","yes","no","","scaled_800px","c846bf9064b1697be3114fe1f02fb5fd227295b88725a32ca03f49b9f960a65b","20b0411c3af41bffa476c63587a53591c64666492649a7a6fe94d00be84d936c"
"T0027.jpg","additional.jpg","E:\Desktop\论文写作\屏风-文化遗产-计算机交叉-张方瑾老师\实验\data\train\S009\additional.jpg","S009","Cina, paravento coromandel, 1690 ca, legno, lacca e carta, 03.jpg","Wikimedia Commons","https://commons.wikimedia.org/wiki/File:Cina,_paravento_coromandel,_1690_ca,_legno,_lacca_e_carta,_03.jpg","","lacquer","chinesetradscreen, traditional Chinese folding screen, multi-panel screen, wooden frame, lacquered surface, detail view, decorative panels","960","1637","960","1637","no","yes","single-panel/detail image rather than the complete screen","scaled_800px","4cdc680ce5980be4480fea1ebd5ccc51a99e02a831d105f4f79de4cee311c77b","223c1f7619c949f76e4119d3a7a28e9dbed21bda0e7e66897e652c865b466130"
"T0028.jpg","additional_01.jpg","E:\Desktop\论文写作\屏风-文化遗产-计算机交叉-张方瑾老师\实验\data\train\S009\additional_01.jpg","S009","Cina, paravento coromandel, 1690 ca, legno, lacca e carta, 01.jpg","Wikimedia Commons","https://commons.wikimedia.org/wiki/File:Cina,_paravento_coromandel,_1690_ca,_legno,_lacca_e_carta,_01.jpg","","lacquer","chinesetradscreen, traditional Chinese folding screen, multi-panel screen, wooden frame, lacquered surface, overall frontal view, continuous composition, decorative panels","960","517","960","517","no","no","","scaled_800px","1d9aff652e3f1b035f0116b4ccc79a251d1ebee4902bf3ec9289684ab3f5ca89","cb87777217133f1df8fbbfa047e4a50d9d89a518fe932de7d597ff3dd22ba04a"
"T0029.jpg","additional_02.jpg","E:\Desktop\论文写作\屏风-文化遗产-计算机交叉-张方瑾老师\实验\data\train\S009\additional_02.jpg","S009","Cina, paravento coromandel, 1690 ca, legno, lacca e carta, 04.jpg","Wikimedia Commons","https://commons.wikimedia.org/wiki/File:Cina,_paravento_coromandel,_1690_ca,_legno,_lacca_e_carta,_04.jpg","","lacquer","chinesetradscreen, traditional Chinese folding screen, multi-panel screen, wooden frame, lacquered surface, detail view, decorative panels","960","1701","960","1701","no","yes","single-panel/detail image rather than the complete screen","scaled_800px","7a831cc22db4da5831bbe2818e96433aeac2b0ee4b73ad7edc16cf47ec8d5e25","552b7350897a9e47a97aa3030f89a9b063c71353990145244b28c6dfa142c3a3"
"T0030.jpg","additional_03.jpg","E:\Desktop\论文写作\屏风-文化遗产-计算机交叉-张方瑾老师\实验\data\train\S009\additional_03.jpg","S009","Cina, paravento coromandel, 1690 ca, legno, lacca e carta, 05.jpg","Wikimedia Commons","https://commons.wikimedia.org/wiki/File:Cina,_paravento_coromandel,_1690_ca,_legno,_lacca_e_carta,_05.jpg","","lacquer","chinesetradscreen, traditional Chinese folding screen, multi-panel screen, wooden frame, lacquered surface, detail view, decorative panels","960","1857","960","1857","no","yes","single-panel/detail image rather than the complete screen","scaled_800px","1f0a61c303650c1733c3685cc5a6d33501544161651d19554d761ef7bcf8f881","dd448511087baacfa3393aa964e6c073e5bc44bd76b9c9e2eea668423a38bd64"
"T0031.jpg","additional_04.jpg","E:\Desktop\论文写作\屏风-文化遗产-计算机交叉-张方瑾老师\实验\data\train\S009\additional_04.jpg","S009","Cina, paravento coromandel, 1690 ca, legno, lacca e carta, 06.jpg","Wikimedia Commons","https://commons.wikimedia.org/wiki/File:Cina,_paravento_coromandel,_1690_ca,_legno,_lacca_e_carta,_06.jpg","","lacquer","chinesetradscreen, traditional Chinese folding screen, multi-panel screen, wooden frame, lacquered surface, detail view, decorative panels","960","1059","960","1059","no","yes","single-panel/detail image rather than the complete screen","scaled_800px","4266d5122252f4748433d72d9c3a65e3610349ff6ee05ee1ee9e9d2a5bc0f8da","8d070eb42b203f60e9f6274120c3d6f0789bdfd56f8363e2285afcad8bb3d76f"
"T0032.jpg","additional_05.jpg","E:\Desktop\论文写作\屏风-文化遗产-计算机交叉-张方瑾老师\实验\data\train\S009\additional_05.jpg","S009","Cina, paravento coromandel, 1690 ca, legno, lacca e carta, 07.jpg","Wikimedia Commons","https://commons.wikimedia.org/wiki/File:Cina,_paravento_coromandel,_1690_ca,_legno,_lacca_e_carta,_07.jpg","","lacquer","chinesetradscreen, traditional Chinese folding screen, multi-panel screen, wooden frame, lacquered surface, detail view, decorative panels","960","852","960","852","no","yes","single-panel/detail image rather than the complete screen","scaled_800px","17842098e863612e62123e6554755cd1cbeb4175c3a8ddf8277c39e242186469","b4c13cf703687f97aaad96f59e76b5f470223c9f9102a63d40057794bed854d8"
"T0033.jpg","additional_06.jpg","E:\Desktop\论文写作\屏风-文化遗产-计算机交叉-张方瑾老师\实验\data\train\S009\additional_06.jpg","S009","Cina, paravento coromandel, 1690 ca, legno, lacca e carta, 09.jpg","Wikimedia Commons","https://commons.wikimedia.org/wiki/File:Cina,_paravento_coromandel,_1690_ca,_legno,_lacca_e_carta,_09.jpg","","lacquer","chinesetradscreen, traditional Chinese folding screen, multi-panel screen, wooden frame, lacquered surface, detail view, decorative panels","960","1138","960","1138","no","yes","single-panel/detail image rather than the complete screen","scaled_800px","58bf2442e1aaec5c571600e4bdc3576294a63db9606609d4b21e54a2b04953fc","d87b86a59be0539f36d8c59dfb1f5339df1abc39a62870d1d522d261109ced9c"
"T0034.jpg","additional_07.jpg","E:\Desktop\论文写作\屏风-文化遗产-计算机交叉-张方瑾老师\实验\data\train\S009\additional_07.jpg","S009","Cina, paravento coromandel, 1690 ca, legno, lacca e carta, 08.jpg","Wikimedia Commons","https://commons.wikimedia.org/wiki/File:Cina,_paravento_coromandel,_1690_ca,_legno,_lacca_e_carta,_08.jpg","","lacquer","chinesetradscreen, traditional Chinese folding screen, multi-panel screen, wooden frame, lacquered surface, detail view, decorative panels","960","1717","960","1717","no","yes","single-panel/detail image rather than the complete screen","scaled_800px","191aca585a915fb7a2bfbf813edacb9975b3fa02b8ecfa12496496da7f0c89d8","293c571a3a44168ac447ffb1bd23dc6ee7bf5b4629bec1dccd983b5d701e7087"
"T0035.jpg","additional_08.jpg","E:\Desktop\论文写作\屏风-文化遗产-计算机交叉-张方瑾老师\实验\data\train\S009\additional_08.jpg","S009","Cina, paravento coromandel, 1690 ca, legno, lacca e carta, 10.jpg","Wikimedia Commons","https://commons.wikimedia.org/wiki/File:Cina,_paravento_coromandel,_1690_ca,_legno,_lacca_e_carta,_10.jpg","","lacquer","chinesetradscreen, traditional Chinese folding screen, multi-panel screen, wooden frame, lacquered surface, detail view, decorative panels","960","1515","960","1515","no","yes","single-panel/detail image rather than the complete screen","scaled_800px","48ebcf8fe9632d873a50234b33161746f758d6224242e1efcdd1b68455509d78","0d1fe7a88eed50bdde0f26d09c73c9c3d9c44d8b6c22ebfc6a11d0722339d425"
"T0036.jpg","additional_10.jpg","E:\Desktop\论文写作\屏风-文化遗产-计算机交叉-张方瑾老师\实验\data\train\S009\additional_10.jpg","S009","Cina, paravento coromandel, 1690 ca, legno, lacca e carta, 12.jpg","Wikimedia Commons","https://commons.wikimedia.org/wiki/File:Cina,_paravento_coromandel,_1690_ca,_legno,_lacca_e_carta,_12.jpg","","lacquer","chinesetradscreen, traditional Chinese folding screen, multi-panel screen, wooden frame, lacquered surface, detail view, decorative panels","960","1646","960","1646","no","yes","single-panel/detail image rather than the complete screen","scaled_800px","5f089e991c772480634ee981b1df92f176197d69a9ba57eded58062708df491e","973080357cd6254f69994ef62282a6b85851ab54546fa1fc081f7fe9294a34d8"
"T0037.jpg","additional_11.jpg","E:\Desktop\论文写作\屏风-文化遗产-计算机交叉-张方瑾老师\实验\data\train\S009\additional_11.jpg","S009","Cina, paravento coromandel, 1690 ca, legno, lacca e carta, 14.jpg","Wikimedia Commons","https://commons.wikimedia.org/wiki/File:Cina,_paravento_coromandel,_1690_ca,_legno,_lacca_e_carta,_14.jpg","","lacquer","chinesetradscreen, traditional Chinese folding screen, multi-panel screen, wooden frame, lacquered surface, detail view, decorative panels","960","2186","960","2186","no","yes","single-panel/detail image rather than the complete screen","scaled_800px","bb2ef2ecb9baf2e16d8554aedeaf7463a67f4c48bf82474539dcf9dd74ba3c5c","7283f6ec27070235a5bf3c44643305220958f1d11d7ab2d3731e6129f6cb8a73"
"T0038.jpg","additional_12.jpg","E:\Desktop\论文写作\屏风-文化遗产-计算机交叉-张方瑾老师\实验\data\train\S009\additional_12.jpg","S009","Cina, paravento coromandel, 1690 ca, legno, lacca e carta, 13.jpg","Wikimedia Commons","https://commons.wikimedia.org/wiki/File:Cina,_paravento_coromandel,_1690_ca,_legno,_lacca_e_carta,_13.jpg","","lacquer","chinesetradscreen, traditional Chinese folding screen, multi-panel screen, wooden frame, lacquered surface, detail view, decorative panels","960","1598","960","1598","no","yes","single-panel/detail image rather than the complete screen","scaled_800px","e6920f377e7ff5ddb6b62de480a6616dc81b1daf5ffee06fbfa9f6bc416ccacc","096c9bf880f5fbc86a3071ddd3fe8903d5705c843ab63aeffbf6913ad1e42b0f"
"T0039.jpg","additional_13.jpg","E:\Desktop\论文写作\屏风-文化遗产-计算机交叉-张方瑾老师\实验\data\train\S009\additional_13.jpg","S009","Cina, paravento coromandel, 1690 ca, legno, lacca e carta, 15.jpg","Wikimedia Commons","https://commons.wikimedia.org/wiki/File:Cina,_paravento_coromandel,_1690_ca,_legno,_lacca_e_carta,_15.jpg","","lacquer","chinesetradscreen, traditional Chinese folding screen, multi-panel screen, wooden frame, lacquered surface, detail view, decorative panels","960","2028","960","2028","no","yes","single-panel/detail image rather than the complete screen","scaled_800px","56f9d4409f943ad32fa7f6d027c8463f7f4eb1e758f28e052e4ee72f7a9b7d09","913ed16716abcee6a79600f64158fa906d6abe4c8373beab4361431467e54af2"
"T0040.jpg","full.jpg","E:\Desktop\论文写作\屏风-文化遗产-计算机交叉-张方瑾老师\实验\data\train\S009\full.jpg","S009","Cina, paravento coromandel, 1690 ca, legno, lacca e carta, 02.jpg","Wikimedia Commons","https://commons.wikimedia.org/wiki/File:Cina,_paravento_coromandel,_1690_ca,_legno,_lacca_e_carta,_02.jpg","","lacquer","chinesetradscreen, traditional Chinese folding screen, multi-panel screen, wooden frame, lacquered surface, detail view, decorative panels","960","2289","960","2289","no","yes","single-panel/detail image rather than the complete screen","scaled_800px","57f657769fd4ae79ac6efc1d8b3a5febff5f74c7fb8b3bb83f0d42359f2d5c52","50780d50e721dd890f3f42aa4ba4088bfb92a9c5b8a6e1e8319cf85d3d00eeab"
"T0041.jpg","full.jpg","E:\Desktop\论文写作\屏风-文化遗产-计算机交叉-张方瑾老师\实验\data\train\S011\full.jpg","S011","Small coromandel screen, China, Qing dynasty, 1700-1800 AD, lacquered and inlaid wood, black with colors, Asian Art Museum SF - DSC08683.jpg","Wikimedia Commons","https://commons.wikimedia.org/wiki/File:Small_coromandel_screen,_China,_Qing_dynasty,_1700-1800_AD,_lacquered_and_inlaid_wood,_black_with_colors,_Asian_Art_Museum_SF_-_DSC08683.jpg","","lacquer","chinesetradscreen, traditional Chinese folding screen, multi-panel screen, wooden frame, lacquered surface, inlaid decoration, overall frontal view, continuous composition, decorative panels","960","565","960","565","no","no","","scaled_800px","319e5f046310fb8bc1ceef9d8d82b98a58c3a279d2efa2ca18697e5a0b2f8de4","e78382679b85d8b7a913521f3b3347605f553633c274b3746e80667c61866229"
"T0042.jpg","additional_01.jpg","E:\Desktop\论文写作\屏风-文化遗产-计算机交叉-张方瑾老师\实验\data\train\S012\additional_01.jpg","S012","Crane, pine, and rock","The Met","https://www.metmuseum.org/art/collection/search/784285","","Set of four hanging scrolls mounted on a Japanese bi-fold screen; ink and color on silk","chinesetradscreen, traditional Chinese folding screen, multi-panel screen, wooden frame, painted panels, silk panels, overall frontal view, continuous composition, decorative panels","2497","4000","2497","4000","no","yes","class review: metadata describes Chinese scrolls mounted on a Japanese bi-fold screen","additional_01","b25ccd48b457c1bdc58acff0996afd3a7514089bc59a653cbe352882f99f1710","9939483e69fea0addaaff6bfa941bb0e93c22618c11e9e7780e27793bccfa52a"
"T0043.jpg","additional_02.jpg","E:\Desktop\论文写作\屏风-文化遗产-计算机交叉-张方瑾老师\实验\data\train\S012\additional_02.jpg","S012","Crane, pine, and rock","The Met","https://www.metmuseum.org/art/collection/search/784285","","Set of four hanging scrolls mounted on a Japanese bi-fold screen; ink and color on silk","chinesetradscreen, traditional Chinese folding screen, multi-panel screen, wooden frame, painted panels, silk panels, overall frontal view, continuous composition, decorative panels","2694","4000","2694","4000","no","yes","class review: metadata describes Chinese scrolls mounted on a Japanese bi-fold screen","additional_02","96d7f973051c00989a903593a1165ddea1212f39567c861c35767f9d3a878da8","bdee71e3d3863172552895a3590456d82e64c5219e0f8b9a60615413ca23390f"
"T0044.jpg","full.jpg","E:\Desktop\论文写作\屏风-文化遗产-计算机交叉-张方瑾老师\实验\data\train\S012\full.jpg","S012","Crane, pine, and rock","The Met","https://www.metmuseum.org/art/collection/search/784285","","Set of four hanging scrolls mounted on a Japanese bi-fold screen; ink and color on silk","chinesetradscreen, traditional Chinese folding screen, multi-panel screen, wooden frame, painted panels, silk panels, overall frontal view, continuous composition, decorative panels","3963","4000","3963","4000","no","yes","class review: metadata describes Chinese scrolls mounted on a Japanese bi-fold screen","full","dafc33752177f1704ac8a8b0357177ada91270e55cf4d5ed6dea70b869419fc0","71ea395d15df4d0e2847d343d757b4abd08f9a667f701af7716e815260a4e0b5"
"T0045.jpg","full.jpg","E:\Desktop\论文写作\屏风-文化遗产-计算机交叉-张方瑾老师\实验\data\train\S013\full.jpg","S013","描金彩绘高浮雕海水云龙纹硬木屏风07616.jpg","Wikimedia Commons","https://commons.wikimedia.org/wiki/File:%E6%8F%8F%E9%87%91%E5%BD%A9%E7%BB%98%E9%AB%98%E6%B5%AE%E9%9B%95%E6%B5%B7%E6%B0%B4%E4%BA%91%E9%BE%99%E7%BA%B9%E7%A1%AC%E6%9C%A8%E5%B1%8F%E9%A3%8E07616.jpg","","painting","chinesetradscreen, traditional Chinese folding screen, multi-panel screen, wooden frame, carved decoration, painted panels, overall frontal view, continuous composition, decorative panels","960","1280","960","1280","no","yes","class review: image appears to show a single fixed standing screen, not a folding screen","scaled_800px","2a28c2836ef17e3c297bfd82ffad7a32a607833e749c9eefe3f81c5726482d7e","f3695f0b1193e688643039450b1bb17bd52b9f579c1f48f6fe987d9ded5fa00b"
"T0046.jpg","full.jpg","E:\Desktop\论文写作\屏风-文化遗产-计算机交叉-张方瑾老师\实验\data\train\S014\full.jpg","S014","Landscape with Pavilion Screens by Yuan Jiang and Wang Yun, 1720 (2).jpg","Wikimedia Commons","https://commons.wikimedia.org/wiki/File:Landscape_with_Pavilion_Screens_by_Yuan_Jiang_and_Wang_Yun,_1720_(2).jpg","","","chinesetradscreen, traditional Chinese folding screen, multi-panel screen, wooden frame, overall frontal view, continuous composition, decorative panels","507","259","507","259","no","yes","low resolution: 507 x 259 pixels","scaled_800px","d4c02ca3c34852ffdff668443473182ad93d91fd02ab385d3fd80ca0b620a00f","63bc0463f15b5f6d4dfcf1b27dd5746cfa0ee3b91bfa5a4b5888b6a736d0df4a"
"T0047.jpg","full.jpg","E:\Desktop\论文写作\屏风-文化遗产-计算机交叉-张方瑾老师\实验\data\train\S015\full.jpg","S015","Landscape with Pavilion Screens by Yuan Jiang and Wang Yun, 1720 (1).jpg","Wikimedia Commons","https://commons.wikimedia.org/wiki/File:Landscape_with_Pavilion_Screens_by_Yuan_Jiang_and_Wang_Yun,_1720_(1).jpg","","","chinesetradscreen, traditional Chinese folding screen, multi-panel screen, wooden frame, overall frontal view, continuous composition, decorative panels","509","261","509","261","no","yes","low resolution: 509 x 261 pixels","scaled_800px","bab722fe89ecc7d4973a2a4e3342d0baa400ec03baae935f230eb66a8229e79b","eb048728acc9229f08aacf1ce288ac7c62d173d465beed2e43419547829c4ca8"
"T0048.jpg","additional.jpg","E:\Desktop\论文写作\屏风-文化遗产-计算机交叉-张方瑾老师\实验\data\train\S016\additional.jpg","S016","Cina, paravento in stile coromandel, lacca, madreperla, tartaruga e oro, 1750-1800 ca. 03.jpg","Wikimedia Commons","https://commons.wikimedia.org/wiki/File:Cina,_paravento_in_stile_coromandel,_lacca,_madreperla,_tartaruga_e_oro,_1750-1800_ca._03.jpg","","lacquer","chinesetradscreen, traditional Chinese folding screen, multi-panel screen, wooden frame, lacquered surface, detail view, decorative panels","960","1357","960","1357","no","yes","partial view: only part of the screen is visible","scaled_800px","4bce850a959706335cd959069e0d39557d8c91182acbc04213437a75a53c80a0","89f1da3240a07d71fbb3f91cc23957970a05b1b99d745266ca3e10ab99b2ce75"
"T0049.jpg","additional_01.jpg","E:\Desktop\论文写作\屏风-文化遗产-计算机交叉-张方瑾老师\实验\data\train\S016\additional_01.jpg","S016","Cina, paravento in stile coromandel, lacca, madreperla, tartaruga e oro, 1750-1800 ca. 02.jpg","Wikimedia Commons","https://commons.wikimedia.org/wiki/File:Cina,_paravento_in_stile_coromandel,_lacca,_madreperla,_tartaruga_e_oro,_1750-1800_ca._02.jpg","","lacquer","chinesetradscreen, traditional Chinese folding screen, multi-panel screen, wooden frame, lacquered surface, detail view, decorative panels","960","1440","960","1440","no","yes","partial view: only part of the screen is visible","scaled_800px","f54bf6c64d96ad842e251214bf7f0b1a846431c3e6c3bfc9edcf6eeb8a3ae18a","03e06bb30faf68bb2c362435c6527c9966b8c4f9fbdf146f19ddf28e0775b910"
"T0050.jpg","additional_02.jpg","E:\Desktop\论文写作\屏风-文化遗产-计算机交叉-张方瑾老师\实验\data\train\S016\additional_02.jpg","S016","Cina, paravento in stile coromandel, lacca, madreperla, tartaruga e oro, 1750-1800 ca. 01.jpg","Wikimedia Commons","https://commons.wikimedia.org/wiki/File:Cina,_paravento_in_stile_coromandel,_lacca,_madreperla,_tartaruga_e_oro,_1750-1800_ca._01.jpg","","lacquer","chinesetradscreen, traditional Chinese folding screen, multi-panel screen, wooden frame, lacquered surface, overall frontal view, continuous composition, decorative panels","960","687","960","687","no","no","","scaled_800px","991fee21ee946d024ed4972e0956dcec2148092a67a07851965b070278e33a6c","adca8eadc165dbc3225ad9596ab9d6eb696846713834b3fe3a6967b5e3e7594d"
"T0051.jpg","additional_03.jpg","E:\Desktop\论文写作\屏风-文化遗产-计算机交叉-张方瑾老师\实验\data\train\S016\additional_03.jpg","S016","Cina, paravento in stile coromandel, lacca, madreperla, tartaruga e oro, 1750-1800 ca. 04.jpg","Wikimedia Commons","https://commons.wikimedia.org/wiki/File:Cina,_paravento_in_stile_coromandel,_lacca,_madreperla,_tartaruga_e_oro,_1750-1800_ca._04.jpg","","lacquer","chinesetradscreen, traditional Chinese folding screen, multi-panel screen, wooden frame, lacquered surface, detail view, decorative panels","960","1412","960","1412","no","yes","partial view: only part of the screen is visible","scaled_800px","c0084312c689ba7a2833a74eeb723f5bb5cee931835eb0feaf385f85a2553609","19ccd52280974da6255cbc910eff73644516f59a81b954a0786b08905da6873d"
"T0052.jpg","full.jpg","E:\Desktop\论文写作\屏风-文化遗产-计算机交叉-张方瑾老师\实验\data\train\S017\full.jpg","S017","Folding screen, c. 1650, Coromandel lacquer panels, brass hinges - Ham House - London, UK - DSC07886.jpg","Wikimedia Commons","https://commons.wikimedia.org/wiki/File:Folding_screen,_c._1650,_Coromandel_lacquer_panels,_brass_hinges_-_Ham_House_-_London,_UK_-_DSC07886.jpg","","lacquer","chinesetradscreen, traditional Chinese folding screen, multi-panel screen, wooden frame, lacquered surface, overall frontal view, continuous composition, decorative panels","960","970","960","970","no","no","","scaled_800px","11ff1b7053f52904ac42b41928d7a2e5bc743023fb2a4233d337f97919dd02e1","87ed6b9ae075963baeccd78774d9f655e2ac07d07b7a3d8012b53f4225584b80"
"T0053.jpg","additional_02.jpg","E:\Desktop\论文写作\屏风-文化遗产-计算机交叉-张方瑾老师\实验\data\train\S018\additional_02.jpg","S018","Musée d'Histoire de Nantes, paravent en laque de Coromandel-02.jpg","Wikimedia Commons","https://commons.wikimedia.org/wiki/File:Mus%C3%A9e_d%27Histoire_de_Nantes,_paravent_en_laque_de_Coromandel-02.jpg","","lacquer","chinesetradscreen, traditional Chinese folding screen, multi-panel screen, wooden frame, lacquered surface, overall frontal view, continuous composition, decorative panels","960","424","960","424","no","yes","annotation overlay: numbered markers are embedded in the image","scaled_800px","2a2fea051fa05a432a6f4c2ae50634efef646b38ca983765697a049bff0882ea","988960c082d8a1a960416fc3e5df7bee4619e5794de15b89804035147ea942c1"
"T0054.jpg","additional_03.jpg","E:\Desktop\论文写作\屏风-文化遗产-计算机交叉-张方瑾老师\实验\data\train\S018\additional_03.jpg","S018","Danseuses et musiciennes chinoises (Musée dhistoire de Nantes) (7342514826).jpg","Wikimedia Commons","https://commons.wikimedia.org/wiki/File:Danseuses_et_musiciennes_chinoises_(Mus%C3%A9e_dhistoire_de_Nantes)_(7342514826).jpg","","lacquer","chinesetradscreen, traditional Chinese folding screen, multi-panel screen, wooden frame, lacquered surface, detail view, decorative panels","960","810","960","810","no","yes","detail view: only part of the screen is visible","scaled_800px","bf725a46743503f1c9c1cd70de20605bf498335d59b3bd43a57c2a9259c020b4","85f1c4b95484027db32e994d38e9159b891a63ca59729de75453f9b7c8edc84f"
"T0055.jpg","additional.jpg","E:\Desktop\论文写作\屏风-文化遗产-计算机交叉-张方瑾老师\实验\data\train\S019\additional.jpg","S019","Miscellany in the Villa Ephrussi de Rothschild - screen.jpg","Wikimedia Commons","https://commons.wikimedia.org/wiki/File:Miscellany_in_the_Villa_Ephrussi_de_Rothschild_-_screen.jpg","","","chinesetradscreen, traditional Chinese folding screen, multi-panel screen, wooden frame, angled view, continuous composition, decorative panels","960","643","960","643","no","no","","scaled_800px","e420f04b8f324d99fe1675f9c7d0c6ea1bdd81abe17f20fb243fb0f5701eda37","3bd564b9100af2d4514aed7eaa494bbc0cb054b5d5f2b5690d4a690c8271376d"
"T0056.jpg","full.jpg","E:\Desktop\论文写作\屏风-文化遗产-计算机交叉-张方瑾老师\实验\data\train\S020\full.jpg","S020","Cina, paravento bianco e blu in porcellana, xviii secolo.jpg","Wikimedia Commons","https://commons.wikimedia.org/wiki/File:Cina,_paravento_bianco_e_blu_in_porcellana,_xviii_secolo.jpg","","","chinesetradscreen, traditional Chinese folding screen, multi-panel screen, wooden frame, overall frontal view, continuous composition, decorative panels","960","630","960","630","no","no","","scaled_800px","be90bd1dafab252c700807c28be2764d3ee87f9152288c7d8c40f8766b5ba6e4","559348ed7dc5fd96005247b796eb2926b3619ed8beb3b727b0def91af0f18a47"
"T0057.jpg","full.jpg","E:\Desktop\论文写作\屏风-文化遗产-计算机交叉-张方瑾老师\实验\data\train\S021\full.jpg","S021","Hofmobiliendepot - Chinesischer Paravent.jpg","Wikimedia Commons","https://commons.wikimedia.org/wiki/File:Hofmobiliendepot_-_Chinesischer_Paravent.jpg","","","chinesetradscreen, traditional Chinese folding screen, multi-panel screen, wooden frame, overall frontal view, continuous composition, decorative panels","960","745","960","745","no","no","","scaled_800px","93f1608b20e3a212d9dbf76fe1aadb42da6b0335bb3e90a6ecbd819a38b48eb1","22980df6f1e9aef01b11b3c079d97bd8389ded9110bf89448f5f5762573de797"
"T0058.jpg","full.jpg","E:\Desktop\论文写作\屏风-文化遗产-计算机交叉-张方瑾老师\实验\data\train\S022\full.jpg","S022","Cina, paravento, xviii-xix sec. ca.jpg","Wikimedia Commons","https://commons.wikimedia.org/wiki/File:Cina,_paravento,_xviii-xix_sec._ca.jpg","","","chinesetradscreen, traditional Chinese folding screen, multi-panel screen, wooden frame, angled view, continuous composition, decorative panels","960","632","960","632","no","no","","scaled_800px","78dafd93ccdbd60da84e4765281b2614b7d3b1e411cc935bcb53dc09953fae33","f7954617693cdbaaef0ae0aa4b1e46cf32b98ddc9f0a9308be30b626af0057ff"
"T0059.jpg","full.jpg","E:\Desktop\论文写作\屏风-文化遗产-计算机交叉-张方瑾老师\实验\data\train\S024\full.jpg","S024","Paravent - Musee Calouste Gulbenkian.jpg","Wikimedia Commons","https://commons.wikimedia.org/wiki/File:Paravent_-_Musee_Calouste_Gulbenkian.jpg","","","chinesetradscreen, traditional Chinese folding screen, multi-panel screen, wooden frame, angled view, continuous composition, decorative panels","960","837","960","837","no","no","","scaled_800px","7409aa92bb1ccfbb771f47cf34b78c4930689611ea07f4e68768c296f208f079","768a136b2df886c298521d86c78830f72ad036bc6bf4f55a47ab865cecafc4ac"
"T0060.jpg","full.jpg","E:\Desktop\论文写作\屏风-文化遗产-计算机交叉-张方瑾老师\实验\data\train\S025\full.jpg","S025","1212906 II Star ELTHAM COURT (ELTHAM PALACE), COURT YARD, Chinese incised lacquer Coromandel screen Greenwich London 20250610 0001.jpg","Wikimedia Commons","https://commons.wikimedia.org/wiki/File:1212906_II_Star_ELTHAM_COURT_(ELTHAM_PALACE),_COURT_YARD,_Chinese_incised_lacquer_Coromandel_screen_Greenwich_London_20250610_0001.jpg","","lacquer","chinesetradscreen, traditional Chinese folding screen, multi-panel screen, wooden frame, lacquered surface, carved decoration, overall frontal view, continuous composition, decorative panels","960","640","960","640","no","no","","scaled_800px","5d8321069042d51c2de2b454997a42d0a3591096d25738c255d344a98bc4bacb","33ac8963d640f6ec89ac95c99ead54291874655160f49b6f0e8a6a67ac1cbd81"
"T0061.jpg","full.jpg","E:\Desktop\论文写作\屏风-文化遗产-计算机交叉-张方瑾老师\实验\data\train\S026\full.jpg","S026","Interior of the Never-Resting Bodhisattva Grand Hall-10.2024-11-24.jpg","Wikimedia Commons","https://commons.wikimedia.org/wiki/File:Interior_of_the_Never-Resting_Bodhisattva_Grand_Hall-10.2024-11-24.jpg","","","chinesetradscreen, traditional Chinese folding screen, multi-panel screen, wooden frame, angled view, continuous composition, decorative panels","960","709","960","709","no","no","","scaled_800px","f3db23b460db5a8334e77d1ca7604f54f93d64eb88f74133e45435a51e8e6cf6","547524fa70598722902a82994c8dbc7045393124efc15e30ff2c57e33a8ed106"
"T0062.jpg","full.jpg","E:\Desktop\论文写作\屏风-文化遗产-计算机交叉-张方瑾老师\实验\data\train\S028\full.jpg","S028","崇德園承玄堂 03. 20241124.jpg","Wikimedia Commons","https://commons.wikimedia.org/wiki/File:%E5%B4%87%E5%BE%B7%E5%9C%92%E6%89%BF%E7%8E%84%E5%A0%82_03._20241124.jpg","","","chinesetradscreen, traditional Chinese folding screen, multi-panel screen, wooden frame, angled view, continuous composition, decorative panels","960","1168","960","1168","no","no","","scaled_800px","39c9612bba3455df4430a3323822a15a0a79732fd2680d09841ac3024488691c","aac575974404881722916b2e6ea2734462e3bb9ccddafb6b4f3a1acb15f070c6"
"T0063.jpg","additional_01.jpg","E:\Desktop\论文写作\屏风-文化遗产-计算机交叉-张方瑾老师\实验\data\train\S029\additional_01.jpg","S029","Twelve-panel screen depicting Spring Morning in the Han Palace","Smithsonian National Museum of Asian Art","https://asia.si.edu/explore-art-culture/collections/search/edanmdm%3Afsg_F1906.42a-l/","12","Black lacquer on prepared wooden core; carved recesses filled with polychrome pigments and gold (kuancai)","chinesetradscreen, traditional Chinese folding screen, multi-panel screen, 12-panel screen, wooden frame, lacquered surface, carved decoration, overall frontal view, continuous composition, decorative panels","1200","439","1200","439","no","no","","additional_01","8a1db8a5262e942bdbd5bed066490d2def5fcfb1d017de893484a916adeef9ef","0c492b5e9e596fe74ce56b5de4d886480089b0944a78f0bd93dde88d5feb69b7"
"T0064.jpg","additional_02.jpg","E:\Desktop\论文写作\屏风-文化遗产-计算机交叉-张方瑾老师\实验\data\train\S029\additional_02.jpg","S029","Twelve-panel screen depicting Spring Morning in the Han Palace","Smithsonian National Museum of Asian Art","https://asia.si.edu/explore-art-culture/collections/search/edanmdm%3Afsg_F1906.42a-l/","12","Black lacquer on prepared wooden core; carved recesses filled with polychrome pigments and gold (kuancai)","chinesetradscreen, traditional Chinese folding screen, multi-panel screen, 12-panel screen, wooden frame, lacquered surface, carved decoration, detail view, decorative panels","1200","4585","1073","4096","yes","yes","single-panel image rather than the complete twelve-panel screen","additional_02","e668441823250095361753684cfb86c360ed690fd294adcf9e2c4061455cddf7","eb7712378ec33fdeea491504c1a45b388c7b9bcc4c902534572da0aa676fbd51"
"T0065.jpg","additional_03.jpg","E:\Desktop\论文写作\屏风-文化遗产-计算机交叉-张方瑾老师\实验\data\train\S029\additional_03.jpg","S029","Twelve-panel screen depicting Spring Morning in the Han Palace","Smithsonian National Museum of Asian Art","https://asia.si.edu/explore-art-culture/collections/search/edanmdm%3Afsg_F1906.42a-l/","12","Black lacquer on prepared wooden core; carved recesses filled with polychrome pigments and gold (kuancai)","chinesetradscreen, traditional Chinese folding screen, multi-panel screen, 12-panel screen, wooden frame, lacquered surface, carved decoration, detail view, decorative panels","1200","4726","1040","4096","yes","yes","single-panel image rather than the complete twelve-panel screen","additional_03","8e3c931c7823b25de185b30b3d55c36f955ad31effa883afb4d85bda9a819cc1","c2d884bf83db1b8f0f3047967877ae129e4e189d7a9f8bd18847136c1e9ff139"
"T0066.jpg","full.jpg","E:\Desktop\论文写作\屏风-文化遗产-计算机交叉-张方瑾老师\实验\data\train\S029\full.jpg","S029","Twelve-panel screen depicting Spring Morning in the Han Palace","Smithsonian National Museum of Asian Art","https://asia.si.edu/explore-art-culture/collections/search/edanmdm%3Afsg_F1906.42a-l/","12","Black lacquer on prepared wooden core; carved recesses filled with polychrome pigments and gold (kuancai)","chinesetradscreen, traditional Chinese folding screen, multi-panel screen, 12-panel screen, wooden frame, lacquered surface, carved decoration, overall frontal view, continuous composition, decorative panels","1200","439","1200","439","no","no","","full","63fe38a31b0e4620538600aaddbb44988748fd3695d66d7dc97153ad7c3176e6","dca81a9c305c92d98b3737c6efea9a41eb1d86a61c926295cb75d80c91c19cac"
"T0067.jpg","full.jpg","E:\Desktop\论文写作\屏风-文化遗产-计算机交叉-张方瑾老师\实验\data\train\S030\full.jpg","S030","Folding Screen with Dutch ships","Rijksmuseum","https://id.rijksmuseum.nl/200364785","12","Coromandel lacquer; bronze","chinesetradscreen, traditional Chinese folding screen, multi-panel screen, 12-panel screen, wooden frame, lacquered surface, angled view, continuous composition, decorative panels","1200","907","1200","907","no","no","","full","67d2e95d9b4c0e1a9c3ff84e5fcdc64418d7093dabf8d28abb9baadf9c4caab9","5c1cce3683a82bd1902a8960e95c3b157d24c3dddda214f128189657df64267e"
"T0068.jpg","彩漆边座嵌点翠万花献瑞图屏风.png","E:\Desktop\论文写作\屏风-文化遗产-计算机交叉-张方瑾老师\实验\data\train\故宫照片\彩漆边座嵌点翠万花献瑞图屏风.png","PM001","彩漆边座嵌点翠万花献瑞图屏风","Palace Museum","","","colored lacquer; kingfisher-feather inlay","chinesetradscreen, traditional Chinese folding screen, multi-panel screen, wooden frame, colored lacquer frame, kingfisher-feather inlay, overall frontal view, continuous composition, decorative panels","1433","684","1433","684","no","no","Metadata derived only from the original filename; source URL unavailable.","full","7af5b4378df6c53d31382d8b2744c6b258552d25685db4a23f3cb0d195b3858e","e349c10350a6be162cc56a89bc8e7ecf578aeb5a9087b9fbbe22ac59a77e2591"
"T0069.jpg","黑漆边黄地东洋绣山水图围屏.png","E:\Desktop\论文写作\屏风-文化遗产-计算机交叉-张方瑾老师\实验\data\train\故宫照片\黑漆边黄地东洋绣山水图围屏.png","PM002","黑漆边黄地东洋绣山水图围屏","Palace Museum","","","black lacquer; embroidery","chinesetradscreen, traditional Chinese folding screen, multi-panel screen, wooden frame, black lacquer frame, embroidered panels, landscape panels, overall frontal view, continuous composition, decorative panels","1534","1005","1534","1005","no","no","Metadata derived only from the original filename; source URL unavailable.","full","41728d0857f4040e9594e23c97ab0f88b841e2fda6bb7cbff5cc83a5b9e604aa","ec31736ce5b09ba68f46830b41c27c1d14e3122a5f13addb6ac465e2836f34a4"
"T0070.jpg","黑漆边灰绸地东洋绣山水图围屏.png","E:\Desktop\论文写作\屏风-文化遗产-计算机交叉-张方瑾老师\实验\data\train\故宫照片\黑漆边灰绸地东洋绣山水图围屏.png","PM003","黑漆边灰绸地东洋绣山水图围屏","Palace Museum","","","black lacquer; embroidery; silk ground","chinesetradscreen, traditional Chinese folding screen, multi-panel screen, wooden frame, black lacquer frame, embroidered panels, landscape panels, overall frontal view, continuous composition, decorative panels","1140","954","1140","954","no","no","Metadata derived only from the original filename; source URL unavailable.","full","4142afb116b7c275c205227a475adc2bef2c4cf612ac0581397f0fd71beaa3b4","c36af0297fa13b0b9a3c1f9aa9de6339af31e63dff2b7c387d590c9a8520b547"
"T0071.jpg","黑漆款彩百鸟朝凤图围屏.png","E:\Desktop\论文写作\屏风-文化遗产-计算机交叉-张方瑾老师\实验\data\train\故宫照片\黑漆款彩百鸟朝凤图围屏.png","PM004","黑漆款彩百鸟朝凤图围屏","Palace Museum","","","black lacquer; polychrome incised lacquer","chinesetradscreen, traditional Chinese folding screen, multi-panel screen, wooden frame, black lacquer frame, bird-and-phoenix panels, polychrome incised lacquer, overall frontal view, continuous composition, decorative panels","1250","845","1250","845","no","no","Metadata derived only from the original filename; source URL unavailable.","full","495497d79adcf5fa7b935d9730d8950839d517c1fb7a87a207f7fafdfcc85197","a6fca3c2d79207632012461e67c9541e501e642f021ac04d897f5683511c9f38"
"T0072.jpg","红木边嵌瓷心花鸟图围屏.png","E:\Desktop\论文写作\屏风-文化遗产-计算机交叉-张方瑾老师\实验\data\train\故宫照片\红木边嵌瓷心花鸟图围屏.png","PM005","红木边嵌瓷心花鸟图围屏","Palace Museum","","","hongmu wood; porcelain inlay","chinesetradscreen, traditional Chinese folding screen, multi-panel screen, wooden frame, hongmu wood frame, porcelain inset panels, flower-and-bird panels, overall frontal view, continuous composition, decorative panels","1480","858","1480","858","no","no","Metadata derived only from the original filename; source URL unavailable.","full","291c131a3f85e49d7788bcd59541de016d2d9f5b2a7f9b58445d1de50185f5c5","114fc8f5c580e40ea5265fe6332cb10f7faaca92690c6fb5fa8fe3f6c63d894d"
"T0073.jpg","木包锦边嵌纸织字围屏.png","E:\Desktop\论文写作\屏风-文化遗产-计算机交叉-张方瑾老师\实验\data\train\故宫照片\木包锦边嵌纸织字围屏.png","PM006","木包锦边嵌纸织字围屏","Palace Museum","","","wood and brocade; woven paper","chinesetradscreen, traditional Chinese folding screen, multi-panel screen, wooden frame, brocade-wrapped wooden frame, woven-paper panels, calligraphy panels, overall frontal view, continuous composition, decorative panels","1479","718","1479","718","no","no","Metadata derived only from the original filename; source URL unavailable.","full","5df7db1cecbc3d7f47621f00cfded6eefabc527e2b90368acbc2bef2eaccfc6c","bbe94d75bea15d66fdc61f5f50fb0dbff2b7bc4c1efff9e0a2b6a3cf92c0d821"
"T0074.jpg","紫檀木边米色绸地绣花鸟图围屏.png","E:\Desktop\论文写作\屏风-文化遗产-计算机交叉-张方瑾老师\实验\data\train\故宫照片\紫檀木边米色绸地绣花鸟图围屏.png","PM007","紫檀木边米色绸地绣花鸟图围屏","Palace Museum","","","zitan wood; embroidery; silk ground","chinesetradscreen, traditional Chinese folding screen, multi-panel screen, wooden frame, zitan wood frame, embroidered panels, flower-and-bird panels, overall frontal view, continuous composition, decorative panels","1701","870","1701","870","no","no","Metadata derived only from the original filename; source URL unavailable.","full","5d66c89240b7389749453acb0075a709079d0a65e318b5734f9906abfc6f848c","4a6dccc2ef26468111e0383ca421b05ad95e7490d06aca8396ed2a1b657785d4"
"T0075.jpg","紫檀木边乾隆书字弘旿画山水图九扇座屏.png","E:\Desktop\论文写作\屏风-文化遗产-计算机交叉-张方瑾老师\实验\data\train\故宫照片\紫檀木边乾隆书字弘旿画山水图九扇座屏.png","PM008","紫檀木边乾隆书字弘旿画山水图九扇座屏","Palace Museum","","9","zitan wood","chinesetradscreen, traditional Chinese multi-panel screen, nine-panel standing screen, wooden frame, zitan wood frame, calligraphy panels, landscape panels, overall frontal view, continuous composition, decorative panels","1565","944","1565","944","no","yes","class review: filename explicitly identifies a nine-panel standing screen (座屏), not a folding screen","full","aa3ee832de0dd012ac622af061c650befb03ee6e96503042d3cd8e737037f5eb","85c0755805e5fa891e3adf526b53dafb8b135da0c3fb8eebe4e54a3f3b4a969f"
"T0076.jpg","紫檀木嵌银丝边嵌染牙广西府州图围屏.png","E:\Desktop\论文写作\屏风-文化遗产-计算机交叉-张方瑾老师\实验\data\train\故宫照片\紫檀木嵌银丝边嵌染牙广西府州图围屏.png","PM009","紫檀木嵌银丝边嵌染牙广西府州图围屏","Palace Museum","","","zitan wood; silver-wire inlay; dyed ivory inlay","chinesetradscreen, traditional Chinese folding screen, multi-panel screen, wooden frame, zitan wood frame, silver-wire inlay, dyed ivory inlay, map panels, overall frontal view, continuous composition, decorative panels","1664","598","1664","598","no","no","Metadata derived only from the original filename; source URL unavailable.","full","36e6545748d617c771be14c1fa07eaa005ad5f3afb142376e601b515900dfb4a","3dbe9f06b6094231abc73d238912d4f3cd5550b93aba47c4a8c8fd21959409c4"
