image_id,screen_id,record_id,source_group_id,source,source_object_id,title,image_type,license,license_class,source_url,image_url,thumbnail_url,local_file,sha256,bytes,pixel_width,pixel_height,mime,dataset_role,needs_manual_review,selected_for_training,quality_manual,notes
RIJKS_200364785_full,S030,RIJKS_200364785_full,RIJKS_200364785,Rijksmuseum,200364785,Folding Screen with Dutch ships,full,Public Domain,public_domain,https://id.rijksmuseum.nl/200364785,"https://iiif.micr.io/poNLD/full/1200,/0/default.jpg","https://iiif.micr.io/poNLD/full/400,/0/default.jpg",raw\S030\full.jpg,67d2e95d9b4c0e1a9c3ff84e5fcdc64418d7093dabf8d28abb9baadf9c4caab9,237678,,,image/jpeg,core_candidate,no,,,Official object page and Linked Art record reviewed; complete 12-panel screen made in South China.
SI_F1906_42A_L_001,S029,SI_F1906_42A_L_001,SI_F1906_42A_L,Smithsonian National Museum of Asian Art,edanmdm:fsg_F1906.42a-l,Twelve-panel screen depicting Spring Morning in the Han Palace,full,CC0,cc0,https://asia.si.edu/explore-art-culture/collections/search/edanmdm%3Afsg_F1906.42a-l/,"https://ids.si.edu/ids/iiif/FS-F1906.42a-l_001/full/1200,/0/default.jpg",https://ids.si.edu/ids/iiif/FS-F1906.42a-l_001/full/full/0/default.jpg,raw\S029\full.jpg,63fe38a31b0e4620538600aaddbb44988748fd3695d66d7dc97153ad7c3176e6,293222,36577,13387,image/jpeg,core_candidate,no,,,Official object page and IIIF manifest reviewed; complete 12-panel screen.
SI_F1906_42A_L_002,S029,SI_F1906_42A_L_002,SI_F1906_42A_L,Smithsonian National Museum of Asian Art,edanmdm:fsg_F1906.42a-l,Twelve-panel screen depicting Spring Morning in the Han Palace,additional_01,CC0,cc0,https://asia.si.edu/explore-art-culture/collections/search/edanmdm%3Afsg_F1906.42a-l/,"https://ids.si.edu/ids/iiif/FS-F1906.42a-l_002/full/1200,/0/default.jpg",https://ids.si.edu/ids/iiif/FS-F1906.42a-l_002/full/full/0/default.jpg,raw\S029\additional_01.jpg,8a1db8a5262e942bdbd5bed066490d2def5fcfb1d017de893484a916adeef9ef,295224,36577,13387,image/jpeg,core_candidate,no,,,Official object page and IIIF manifest reviewed; complete 12-panel screen.
SI_F1906_42A_L_003,S029,SI_F1906_42A_L_003,SI_F1906_42A_L,Smithsonian National Museum of Asian Art,edanmdm:fsg_F1906.42a-l,Twelve-panel screen depicting Spring Morning in the Han Palace,additional_02,CC0,cc0,https://asia.si.edu/explore-art-culture/collections/search/edanmdm%3Afsg_F1906.42a-l/,"https://ids.si.edu/ids/iiif/FS-F1906.42a-l_003x/full/1200,/0/default.jpg",https://ids.si.edu/ids/iiif/FS-F1906.42a-l_003x/full/full/0/default.jpg,raw\S029\additional_02.jpg,e668441823250095361753684cfb86c360ed690fd294adcf9e2c4061455cddf7,2702302,5839,22312,image/jpeg,core_candidate,no,,,Official object page and IIIF manifest reviewed; complete 12-panel screen.
SI_F1906_42A_L_004,S029,SI_F1906_42A_L_004,SI_F1906_42A_L,Smithsonian National Museum of Asian Art,edanmdm:fsg_F1906.42a-l,Twelve-panel screen depicting Spring Morning in the Han Palace,additional_03,CC0,cc0,https://asia.si.edu/explore-art-culture/collections/search/edanmdm%3Afsg_F1906.42a-l/,"https://ids.si.edu/ids/iiif/FS-F1906.42a-l_004x/full/1200,/0/default.jpg",https://ids.si.edu/ids/iiif/FS-F1906.42a-l_004x/full/full/0/default.jpg,raw\S029\additional_03.jpg,8e3c931c7823b25de185b30b3d55c36f955ad31effa883afb4d85bda9a819cc1,2896419,5666,22312,image/jpeg,core_candidate,no,,,Official object page and IIIF manifest reviewed; complete 12-panel screen.
MET_61665_additional_01,S001,MET_61665_additional_01,MET_61665,The Met,61665,Palace Scene,additional_01,Public Domain,public_domain,https://www.metmuseum.org/art/collection/search/61665,https://images.metmuseum.org/CRDImages/as/original/DP263630.jpg,,raw\S001\additional_01.jpg,1c1f00ce90ac14b86ff1c4dfa54587ff4425cef7b0a6aa6ca99f7479ef1d41fa,1650397,,,,core_candidate,no,,,
MET_61665_full,S001,MET_61665_full,MET_61665,The Met,61665,Palace Scene,full,Public Domain,public_domain,https://www.metmuseum.org/art/collection/search/61665,https://images.metmuseum.org/CRDImages/as/original/DP263629.jpg,,raw\S001\full_01.jpg,b7867324e725f7f760b5afb2062620a493ea125e0fd126f5e6aebd3fa5e3ab04,1680019,,,,core_candidate,no,,,
MET_64083_additional_01,S005,MET_64083_additional_01,MET_64083,The Met,64083,Folding screen with figures in a landscape,additional_01,Public Domain,public_domain,https://www.metmuseum.org/art/collection/search/64083,https://images.metmuseum.org/CRDImages/as/original/13_220_80a_h-001.jpg,,raw\S005\additional_01.jpg,ea15726950da951a338a3ae8afba90ece36fbf1d4f30d2697bdd27cd0973e886,1509575,,,,auxiliary_candidate,yes,,,panel count not stated
MET_64083_full,S005,MET_64083_full,MET_64083,The Met,64083,Folding screen with figures in a landscape,full,Public Domain,public_domain,https://www.metmuseum.org/art/collection/search/64083,https://images.metmuseum.org/CRDImages/as/original/DP-17911-001.jpg,,raw\S005\full.jpg,ecfe256cbe9fd1e0b7e84d78aa50030af6f4c4c00ff873d4a2d51271f45e4912,2579026,,,,auxiliary_candidate,yes,,,panel count not stated
MET_64084_additional_01,S004,MET_64084_additional_01,MET_64084,The Met,64084,Screen,additional_01,Public Domain,public_domain,https://www.metmuseum.org/art/collection/search/64084,https://images.metmuseum.org/CRDImages/as/original/62_98_1_L.JPG,,raw\S004\additional_01.jpg,c387ae50495bf211a73c9eda7e41b1279803eff372d7da7a7e0389c97eb8c652,118788,,,,core_candidate,no,,,
MET_64084_full,S004,MET_64084_full,MET_64084,The Met,64084,Screen,full,Public Domain,public_domain,https://www.metmuseum.org/art/collection/search/64084,https://images.metmuseum.org/CRDImages/as/original/62_98_1_R.JPG,,raw\S004\full.jpg,f2008dfb0ab5d1b548c2fd3f9c25649cc1c7a198a0cbffd3748f4f94d1ec0484,118760,,,,core_candidate,no,,,
MET_64085_additional_01,S002,MET_64085_additional_01,MET_64085,The Met,64085,Screen,additional_01,Public Domain,public_domain,https://www.metmuseum.org/art/collection/search/64085,https://images.metmuseum.org/CRDImages/as/original/1970_103a-e_B_sf.jpg,,raw\S002\additional_01.jpg,ba7e01d6d7434034d8e12260505b2b66bba3cf1cf1b943b858958f6d7e21a295,2077015,,,,core_candidate,no,,,
MET_64085_additional_02,S002,MET_64085_additional_02,MET_64085,The Met,64085,Screen,additional_02,Public Domain,public_domain,https://www.metmuseum.org/art/collection/search/64085,https://images.metmuseum.org/CRDImages/as/original/1970_103a-e_B_d3_sf.jpg,,raw\S002\additional_02.jpg,d7ea4b418bef73c7a1bd3f87c5846bfff633265506303dc3f87e566b5e49ae5b,2135987,,,,core_candidate,no,,,
MET_64085_additional_03,S002,MET_64085_additional_03,MET_64085,The Met,64085,Screen,additional_03,Public Domain,public_domain,https://www.metmuseum.org/art/collection/search/64085,https://images.metmuseum.org/CRDImages/as/original/1970_103a-e_B_d5_sf.jpg,,raw\S002\additional_03.jpg,80232a03bf1143fe4d85b09a7f1bc18fd28aa2293454f02e556d991731d0f92f,2053812,,,,core_candidate,no,,,
MET_64085_additional_04,S002,MET_64085_additional_04,MET_64085,The Met,64085,Screen,additional_04,Public Domain,public_domain,https://www.metmuseum.org/art/collection/search/64085,https://images.metmuseum.org/CRDImages/as/original/1970_103a-e_B_d4_sf.jpg,,raw\S002\additional_04.jpg,a0c587dfca147b4f124af1e618c2eeff1b82064f2f3c0fd1ba30c9d3d180c087,1786594,,,,core_candidate,no,,,
MET_64085_full,S002,MET_64085_full,MET_64085,The Met,64085,Screen,full,Public Domain,public_domain,https://www.metmuseum.org/art/collection/search/64085,https://images.metmuseum.org/CRDImages/as/original/1970_103a-e_F_sf.jpg,,raw\S002\full.jpg,a428c6033fd15eb931567dead78427fa04cd303cee2bc69418b3d02517866dbb,2253976,,,,core_candidate,no,,,
MET_64086_additional_01,S006,MET_64086_additional_01,MET_64086,The Met,64086,Folding screen with birthday celebration for General Guo Ziyi,additional_01,Public Domain,public_domain,https://www.metmuseum.org/art/collection/search/64086,https://images.metmuseum.org/CRDImages/as/original/DP211894.jpg,,raw\S006\additional_01_01.jpg,9bdf2ceed08753db69c82abdee84369340e68caf97842f1e36839a746f66d2c6,2130721,,,,auxiliary_candidate,yes,,,panel count not stated
MET_64086_additional_02,S006,MET_64086_additional_02,MET_64086,The Met,64086,Folding screen with birthday celebration for General Guo Ziyi,additional_02,Public Domain,public_domain,https://www.metmuseum.org/art/collection/search/64086,https://images.metmuseum.org/CRDImages/as/original/DP211903.jpg,,raw\S006\additional_02_01.jpg,177febf200e84fc591fef31c4cb09d6c53e0424dcb7f6c20e658eca632050e56,4242822,,,,auxiliary_candidate,yes,,,panel count not stated
MET_64086_full,S006,MET_64086_full,MET_64086,The Met,64086,Folding screen with birthday celebration for General Guo Ziyi,full,Public Domain,public_domain,https://www.metmuseum.org/art/collection/search/64086,https://images.metmuseum.org/CRDImages/as/original/DP211786.jpg,,raw\S006\full_01.jpg,0480ea3f5ef68300066e04ab8a37995d296d64ebf837752fb4408ef0edc3afaa,3593535,,,,auxiliary_candidate,yes,,,panel count not stated
MET_784285_additional_01,S012,MET_784285_additional_01,MET_784285,The Met,784285,"Crane, pine, and rock",additional_01,Public Domain,public_domain,https://www.metmuseum.org/art/collection/search/784285,https://images.metmuseum.org/CRDImages/as/original/DP-16225-002.jpg,,raw\S012\additional_01.jpg,b25ccd48b457c1bdc58acff0996afd3a7514089bc59a653cbe352882f99f1710,2993296,,,,auxiliary_candidate,yes,,,panel count not stated
MET_784285_additional_02,S012,MET_784285_additional_02,MET_784285,The Met,784285,"Crane, pine, and rock",additional_02,Public Domain,public_domain,https://www.metmuseum.org/art/collection/search/784285,https://images.metmuseum.org/CRDImages/as/original/DP-16225-001.jpg,,raw\S012\additional_02.jpg,96d7f973051c00989a903593a1165ddea1212f39567c861c35767f9d3a878da8,2869221,,,,auxiliary_candidate,yes,,,panel count not stated
MET_784285_full,S012,MET_784285_full,MET_784285,The Met,784285,"Crane, pine, and rock",full,Public Domain,public_domain,https://www.metmuseum.org/art/collection/search/784285,https://images.metmuseum.org/CRDImages/as/original/DP-16225-003.jpg,,raw\S012\full.jpg,dafc33752177f1704ac8a8b0357177ada91270e55cf4d5ed6dea70b869419fc0,4695962,,,,auxiliary_candidate,yes,,,panel count not stated
MET_911983_additional_01,S003,MET_911983_additional_01,MET_911983,The Met,911983,Complete Geographical Map of the Everlasting Unified Qing Empire,additional_01,Public Domain,public_domain,https://www.metmuseum.org/art/collection/search/911983,https://images.metmuseum.org/CRDImages/as/original/DP-41331-002.jpg,,raw\S003\additional_01.jpg,31a4f99e3e5f2d23d648fc18e3123c2e06d766fed25605a4d5fefe913a32b92e,4235956,,,,core_candidate,no,,,
MET_911983_additional_02,S003,MET_911983_additional_02,MET_911983,The Met,911983,Complete Geographical Map of the Everlasting Unified Qing Empire,additional_02,Public Domain,public_domain,https://www.metmuseum.org/art/collection/search/911983,https://images.metmuseum.org/CRDImages/as/original/DP-41331-003.jpg,,raw\S003\additional_02.jpg,5c8358a8377e9357323aa6fbf9dfe6d2ab5f5b8bb10ad8de7bf476f99ad62709,5467213,,,,core_candidate,no,,,
MET_911983_additional_03,S003,MET_911983_additional_03,MET_911983,The Met,911983,Complete Geographical Map of the Everlasting Unified Qing Empire,additional_03,Public Domain,public_domain,https://www.metmuseum.org/art/collection/search/911983,https://images.metmuseum.org/CRDImages/as/original/DP-41331-004.jpg,,raw\S003\additional_03.jpg,51dba89219818080aabd84ac5c84e174bffeff896fa6d1e977b204faa44d3c82,5288743,,,,core_candidate,no,,,
MET_911983_additional_04,S003,MET_911983_additional_04,MET_911983,The Met,911983,Complete Geographical Map of the Everlasting Unified Qing Empire,additional_04,Public Domain,public_domain,https://www.metmuseum.org/art/collection/search/911983,https://images.metmuseum.org/CRDImages/as/original/DP-41331-005.jpg,,raw\S003\additional_04.jpg,2010a119b465eb2ae1d43a04065e7d811cd13e7b8673d0a13deb32042d281bb4,4254171,,,,core_candidate,no,,,
MET_911983_full,S003,MET_911983_full,MET_911983,The Met,911983,Complete Geographical Map of the Everlasting Unified Qing Empire,full,Public Domain,public_domain,https://www.metmuseum.org/art/collection/search/911983,https://images.metmuseum.org/CRDImages/as/original/DP-41331-001.jpg,,raw\S003\full_01.jpg,df2b5911d2a68c750a27fe40760cf1317fd5519ead6ffe184ed80bc982f60b17,3751894,,,,core_candidate,no,,,
COM_104576131,S027,COM_104576131,COM_GROUP_7af89d3688b5,Wikimedia Commons,104576131,Folding screen with pines and cranes - MA 2137 - crane detail 02.jpg,scaled_800px,CC BY-SA 4.0,cc_by_sa_review,https://commons.wikimedia.org/wiki/File:Folding_screen_with_pines_and_cranes_-_MA_2137_-_crane_detail_02.jpg,https://upload.wikimedia.org/wikipedia/commons/7/7f/Folding_screen_with_pines_and_cranes_-_MA_2137_-_crane_detail_02.jpg?utm_source=commons.wikimedia.org&utm_campaign=imageinfo&utm_content=original,https://upload.wikimedia.org/wikipedia/commons/thumb/7/7f/Folding_screen_with_pines_and_cranes_-_MA_2137_-_crane_detail_02.jpg/960px-Folding_screen_with_pines_and_cranes_-_MA_2137_-_crane_detail_02.jpg?utm_source=commons.wikimedia.org&utm_campaign=imageinfo&utm_content=thumbnail,raw\S027\detail.jpg,9d6905bc5d3cdad8186fff14078f384578c5f0734588feed47144c5cfe7617ce,230945,3888,5184,image/jpeg,auxiliary_candidate,yes,,,Ming/Qing date not explicit
COM_104576136,S027,COM_104576136,COM_GROUP_7af89d3688b5,Wikimedia Commons,104576136,Folding screen with pines and cranes - MA 2137 - crane detail 01.jpg,scaled_800px,CC BY-SA 4.0,cc_by_sa_review,https://commons.wikimedia.org/wiki/File:Folding_screen_with_pines_and_cranes_-_MA_2137_-_crane_detail_01.jpg,https://upload.wikimedia.org/wikipedia/commons/f/f1/Folding_screen_with_pines_and_cranes_-_MA_2137_-_crane_detail_01.jpg?utm_source=commons.wikimedia.org&utm_campaign=imageinfo&utm_content=original,https://upload.wikimedia.org/wikipedia/commons/thumb/f/f1/Folding_screen_with_pines_and_cranes_-_MA_2137_-_crane_detail_01.jpg/960px-Folding_screen_with_pines_and_cranes_-_MA_2137_-_crane_detail_01.jpg?utm_source=commons.wikimedia.org&utm_campaign=imageinfo&utm_content=thumbnail,raw\S027\detail_01.jpg,d9f9b9dfc18486abd7d555408492bb1684602ec1bed96d654d2e9c9ec7b718bc,261525,3888,5184,image/jpeg,auxiliary_candidate,yes,,,Ming/Qing date not explicit
COM_114357713,S018,COM_114357713,COM_OBJECT_NANTES_COROMANDEL,Wikimedia Commons,114357713,"Musée d'histoire de Nantes - 211 - Paravent, laque de Coromandel.jpg",scaled_800px,CC BY-SA 4.0,cc_by_sa_review,"https://commons.wikimedia.org/wiki/File:Mus%C3%A9e_d%27histoire_de_Nantes_-_211_-_Paravent,_laque_de_Coromandel.jpg",https://upload.wikimedia.org/wikipedia/commons/b/bc/Mus%C3%A9e_d%27histoire_de_Nantes_-_211_-_Paravent%2C_laque_de_Coromandel.jpg?utm_source=commons.wikimedia.org&utm_campaign=imageinfo&utm_content=original,https://upload.wikimedia.org/wikipedia/commons/thumb/b/bc/Mus%C3%A9e_d%27histoire_de_Nantes_-_211_-_Paravent%2C_laque_de_Coromandel.jpg/960px-Mus%C3%A9e_d%27histoire_de_Nantes_-_211_-_Paravent%2C_laque_de_Coromandel.jpg?utm_source=commons.wikimedia.org&utm_campaign=imageinfo&utm_content=thumbnail,raw\S018\full.jpg,3dc4e9e6f578d66f61e3f660e23dbe97b6c985d63ea0a42d381a324c68381d30,222423,4272,2848,image/jpeg,auxiliary_candidate,yes,,,Ming/Qing date not explicit
COM_114357714,S018,COM_114357714,COM_OBJECT_NANTES_COROMANDEL,Wikimedia Commons,114357714,"Musée d'histoire de Nantes - 212 - Paravent, laque de Coromandel.jpg",scaled_800px,CC BY-SA 4.0,cc_by_sa_review,"https://commons.wikimedia.org/wiki/File:Mus%C3%A9e_d%27histoire_de_Nantes_-_212_-_Paravent,_laque_de_Coromandel.jpg",https://upload.wikimedia.org/wikipedia/commons/a/aa/Mus%C3%A9e_d%27histoire_de_Nantes_-_212_-_Paravent%2C_laque_de_Coromandel.jpg?utm_source=commons.wikimedia.org&utm_campaign=imageinfo&utm_content=original,https://upload.wikimedia.org/wikipedia/commons/thumb/a/aa/Mus%C3%A9e_d%27histoire_de_Nantes_-_212_-_Paravent%2C_laque_de_Coromandel.jpg/960px-Mus%C3%A9e_d%27histoire_de_Nantes_-_212_-_Paravent%2C_laque_de_Coromandel.jpg?utm_source=commons.wikimedia.org&utm_campaign=imageinfo&utm_content=thumbnail,raw\S018\additional.jpg,f848069d2f02cddabbf621713e7b6e1c0ae4472774b4370a1815fc54398e72cd,217998,4272,2848,image/jpeg,auxiliary_candidate,yes,,,Ming/Qing date not explicit
COM_11931298,S024,COM_11931298,COM_GROUP_90d868ac4016,Wikimedia Commons,11931298,Paravent - Musee Calouste Gulbenkian.jpg,scaled_800px,CC BY-SA 3.0,cc_by_sa_review,https://commons.wikimedia.org/wiki/File:Paravent_-_Musee_Calouste_Gulbenkian.jpg,https://upload.wikimedia.org/wikipedia/commons/4/43/Paravent_-_Musee_Calouste_Gulbenkian.jpg?utm_source=commons.wikimedia.org&utm_campaign=imageinfo&utm_content=original,https://upload.wikimedia.org/wikipedia/commons/thumb/4/43/Paravent_-_Musee_Calouste_Gulbenkian.jpg/960px-Paravent_-_Musee_Calouste_Gulbenkian.jpg?utm_source=commons.wikimedia.org&utm_campaign=imageinfo&utm_content=thumbnail,raw\S024\full.jpg,7409aa92bb1ccfbb771f47cf34b78c4930689611ea07f4e68768c296f208f079,237528,2165,1887,image/jpeg,auxiliary_candidate,yes,,,Ming/Qing date not explicit
COM_139659888,S022,COM_139659888,COM_GROUP_0ad49921d60a,Wikimedia Commons,139659888,"Cina, paravento, xviii-xix sec. ca.jpg",scaled_800px,CC BY 3.0,cc_by,"https://commons.wikimedia.org/wiki/File:Cina,_paravento,_xviii-xix_sec._ca.jpg",https://upload.wikimedia.org/wikipedia/commons/5/5e/Cina%2C_paravento%2C_xviii-xix_sec._ca.jpg?utm_source=commons.wikimedia.org&utm_campaign=imageinfo&utm_content=original,https://upload.wikimedia.org/wikipedia/commons/thumb/5/5e/Cina%2C_paravento%2C_xviii-xix_sec._ca.jpg/960px-Cina%2C_paravento%2C_xviii-xix_sec._ca.jpg?utm_source=commons.wikimedia.org&utm_campaign=imageinfo&utm_content=thumbnail,raw\S022\full.jpg,78dafd93ccdbd60da84e4765281b2614b7d3b1e411cc935bcb53dc09953fae33,273114,3020,1988,image/jpeg,auxiliary_candidate,yes,,,Ming/Qing date not explicit
COM_15254943,S019,COM_15254943,COM_OBJECT_VILLA_EPHRUSSI_COROMANDEL,Wikimedia Commons,15254943,Miscellany in the Villa Ephrussi de Rothschild - DSC04663.JPG,scaled_800px,Public domain,public_domain,https://commons.wikimedia.org/wiki/File:Miscellany_in_the_Villa_Ephrussi_de_Rothschild_-_DSC04663.JPG,https://upload.wikimedia.org/wikipedia/commons/b/b3/Miscellany_in_the_Villa_Ephrussi_de_Rothschild_-_DSC04663.JPG?utm_source=commons.wikimedia.org&utm_campaign=imageinfo&utm_content=original,https://upload.wikimedia.org/wikipedia/commons/thumb/b/b3/Miscellany_in_the_Villa_Ephrussi_de_Rothschild_-_DSC04663.JPG/960px-Miscellany_in_the_Villa_Ephrussi_de_Rothschild_-_DSC04663.JPG?utm_source=commons.wikimedia.org&utm_campaign=imageinfo&utm_content=thumbnail,raw\S019\full.jpg,a2fde67bbb5105f863f06d71c0a9dbd841f08ec59cc67ed5f30916c37db30289,206549,4320,3240,image/jpeg,auxiliary_candidate,yes,,,Ming/Qing date not explicit
COM_15254977,S019,COM_15254977,COM_OBJECT_VILLA_EPHRUSSI_COROMANDEL,Wikimedia Commons,15254977,Miscellany in the Villa Ephrussi de Rothschild - screen.jpg,scaled_800px,Public domain,public_domain,https://commons.wikimedia.org/wiki/File:Miscellany_in_the_Villa_Ephrussi_de_Rothschild_-_screen.jpg,https://upload.wikimedia.org/wikipedia/commons/a/a5/Miscellany_in_the_Villa_Ephrussi_de_Rothschild_-_screen.jpg?utm_source=commons.wikimedia.org&utm_campaign=imageinfo&utm_content=original,https://upload.wikimedia.org/wikipedia/commons/thumb/a/a5/Miscellany_in_the_Villa_Ephrussi_de_Rothschild_-_screen.jpg/960px-Miscellany_in_the_Villa_Ephrussi_de_Rothschild_-_screen.jpg?utm_source=commons.wikimedia.org&utm_campaign=imageinfo&utm_content=thumbnail,raw\S019\additional.jpg,e420f04b8f324d99fe1675f9c7d0c6ea1bdd81abe17f20fb243fb0f5701eda37,258979,7461,4999,image/jpeg,auxiliary_candidate,yes,,,Ming/Qing date not explicit
COM_155828354,S028,COM_155828354,COM_GROUP_e91c5ec5dcea,Wikimedia Commons,155828354,崇德園承玄堂 03. 20241124.jpg,scaled_800px,CC BY-SA 4.0,cc_by_sa_review,https://commons.wikimedia.org/wiki/File:%E5%B4%87%E5%BE%B7%E5%9C%92%E6%89%BF%E7%8E%84%E5%A0%82_03._20241124.jpg,https://upload.wikimedia.org/wikipedia/commons/5/55/%E5%B4%87%E5%BE%B7%E5%9C%92%E6%89%BF%E7%8E%84%E5%A0%82_03._20241124.jpg?utm_source=commons.wikimedia.org&utm_campaign=imageinfo&utm_content=original,https://upload.wikimedia.org/wikipedia/commons/thumb/5/55/%E5%B4%87%E5%BE%B7%E5%9C%92%E6%89%BF%E7%8E%84%E5%A0%82_03._20241124.jpg/960px-%E5%B4%87%E5%BE%B7%E5%9C%92%E6%89%BF%E7%8E%84%E5%A0%82_03._20241124.jpg?utm_source=commons.wikimedia.org&utm_campaign=imageinfo&utm_content=thumbnail,raw\S028\full.jpg,39c9612bba3455df4430a3323822a15a0a79732fd2680d09841ac3024488691c,337114,2782,3385,image/jpeg,auxiliary_candidate,yes,,,Ming/Qing date not explicit
COM_155832624,S026,COM_155832624,COM_GROUP_1db00604a16d,Wikimedia Commons,155832624,Interior of the Never-Resting Bodhisattva Grand Hall-10.2024-11-24.jpg,scaled_800px,CC BY-SA 4.0,cc_by_sa_review,https://commons.wikimedia.org/wiki/File:Interior_of_the_Never-Resting_Bodhisattva_Grand_Hall-10.2024-11-24.jpg,https://upload.wikimedia.org/wikipedia/commons/0/0e/Interior_of_the_Never-Resting_Bodhisattva_Grand_Hall-10.2024-11-24.jpg?utm_source=commons.wikimedia.org&utm_campaign=imageinfo&utm_content=original,https://upload.wikimedia.org/wikipedia/commons/thumb/0/0e/Interior_of_the_Never-Resting_Bodhisattva_Grand_Hall-10.2024-11-24.jpg/960px-Interior_of_the_Never-Resting_Bodhisattva_Grand_Hall-10.2024-11-24.jpg?utm_source=commons.wikimedia.org&utm_campaign=imageinfo&utm_content=thumbnail,raw\S026\full.jpg,f3db23b460db5a8334e77d1ca7604f54f93d64eb88f74133e45435a51e8e6cf6,237229,4032,2978,image/jpeg,auxiliary_candidate,yes,,,Ming/Qing date not explicit
COM_156888530,S017,COM_156888530,COM_GROUP_cbeccaa1af19,Wikimedia Commons,156888530,"Folding screen, c. 1650, Coromandel lacquer panels, brass hinges - Ham House - London, UK - DSC07886.jpg",scaled_800px,Public domain,public_domain,"https://commons.wikimedia.org/wiki/File:Folding_screen,_c._1650,_Coromandel_lacquer_panels,_brass_hinges_-_Ham_House_-_London,_UK_-_DSC07886.jpg",https://upload.wikimedia.org/wikipedia/commons/c/c2/Folding_screen%2C_c._1650%2C_Coromandel_lacquer_panels%2C_brass_hinges_-_Ham_House_-_London%2C_UK_-_DSC07886.jpg?utm_source=commons.wikimedia.org&utm_campaign=imageinfo&utm_content=original,https://upload.wikimedia.org/wikipedia/commons/thumb/c/c2/Folding_screen%2C_c._1650%2C_Coromandel_lacquer_panels%2C_brass_hinges_-_Ham_House_-_London%2C_UK_-_DSC07886.jpg/960px-Folding_screen%2C_c._1650%2C_Coromandel_lacquer_panels%2C_brass_hinges_-_Ham_House_-_London%2C_UK_-_DSC07886.jpg?utm_source=commons.wikimedia.org&utm_campaign=imageinfo&utm_content=thumbnail,raw\S017\full.jpg,11ff1b7053f52904ac42b41928d7a2e5bc743023fb2a4233d337f97919dd02e1,268049,3491,3528,image/jpeg,auxiliary_candidate,yes,,,Ming/Qing date not explicit
COM_16061967,S015,COM_16061967,COM_GROUP_8bf38d8c58bd,Wikimedia Commons,16061967,"Landscape with Pavilion Screens by Yuan Jiang and Wang Yun, 1720 (1).jpg",scaled_800px,Public domain,public_domain,"https://commons.wikimedia.org/wiki/File:Landscape_with_Pavilion_Screens_by_Yuan_Jiang_and_Wang_Yun,_1720_(1).jpg",https://upload.wikimedia.org/wikipedia/commons/4/44/Landscape_with_Pavilion_Screens_by_Yuan_Jiang_and_Wang_Yun%2C_1720_%281%29.jpg?utm_source=commons.wikimedia.org&utm_campaign=imageinfo&utm_content=original,https://upload.wikimedia.org/wikipedia/commons/4/44/Landscape_with_Pavilion_Screens_by_Yuan_Jiang_and_Wang_Yun%2C_1720_%281%29.jpg?utm_source=commons.wikimedia.org&utm_campaign=imageinfo&utm_content=thumbnail_unscaled,raw\S015\full.jpg,bab722fe89ecc7d4973a2a4e3342d0baa400ec03baae935f230eb66a8229e79b,70482,509,261,image/jpeg,auxiliary_candidate,yes,,,
COM_16061968,S014,COM_16061968,COM_GROUP_7ede36014770,Wikimedia Commons,16061968,"Landscape with Pavilion Screens by Yuan Jiang and Wang Yun, 1720 (2).jpg",scaled_800px,Public domain,public_domain,"https://commons.wikimedia.org/wiki/File:Landscape_with_Pavilion_Screens_by_Yuan_Jiang_and_Wang_Yun,_1720_(2).jpg",https://upload.wikimedia.org/wikipedia/commons/3/33/Landscape_with_Pavilion_Screens_by_Yuan_Jiang_and_Wang_Yun%2C_1720_%282%29.jpg?utm_source=commons.wikimedia.org&utm_campaign=imageinfo&utm_content=original,https://upload.wikimedia.org/wikipedia/commons/3/33/Landscape_with_Pavilion_Screens_by_Yuan_Jiang_and_Wang_Yun%2C_1720_%282%29.jpg?utm_source=commons.wikimedia.org&utm_campaign=imageinfo&utm_content=thumbnail_unscaled,raw\S014\full.jpg,d4c02ca3c34852ffdff668443473182ad93d91fd02ab385d3fd80ca0b620a00f,76387,507,259,image/jpeg,auxiliary_candidate,yes,,,
COM_160739790,S006,COM_160739790,MET_64086,Wikimedia Commons,160739790,"Scènes de palais, l’arrivée d’une délégation et les festivités en l’honneur du général Guo Ziyi (697-781) des Tang.jpg",scaled_800px,Public domain,public_domain,"https://commons.wikimedia.org/wiki/File:Sc%C3%A8nes_de_palais,_l%E2%80%99arriv%C3%A9e_d%E2%80%99une_d%C3%A9l%C3%A9gation_et_les_festivit%C3%A9s_en_l%E2%80%99honneur_du_g%C3%A9n%C3%A9ral_Guo_Ziyi_(697-781)_des_Tang.jpg",https://upload.wikimedia.org/wikipedia/commons/2/29/Sc%C3%A8nes_de_palais%2C_l%E2%80%99arriv%C3%A9e_d%E2%80%99une_d%C3%A9l%C3%A9gation_et_les_festivit%C3%A9s_en_l%E2%80%99honneur_du_g%C3%A9n%C3%A9ral_Guo_Ziyi_%28697-781%29_des_Tang.jpg?utm_source=commons.wikimedia.org&utm_campaign=imageinfo&utm_content=original,https://upload.wikimedia.org/wikipedia/commons/thumb/2/29/Sc%C3%A8nes_de_palais%2C_l%E2%80%99arriv%C3%A9e_d%E2%80%99une_d%C3%A9l%C3%A9gation_et_les_festivit%C3%A9s_en_l%E2%80%99honneur_du_g%C3%A9n%C3%A9ral_Guo_Ziyi_%28697-781%29_des_Tang.jpg/960px-Sc%C3%A8nes_de_palais%2C_l%E2%80%99arriv%C3%A9e_d%E2%80%99une_d%C3%A9l%C3%A9gation_et_les_festivit%C3%A9s_en_l%E2%80%99honneur_du_g%C3%A9n%C3%A9ral_Guo_Ziyi_%28697-781%29_des_Tang.jpg?utm_source=commons.wikimedia.org&utm_campaign=imageinfo&utm_content=thumbnail,raw\S006\full.jpg,1c11981f856e8b899e6c78a38173d96dd8d10c54111c7c8ff27f794963b1d1bf,198117,35300,14137,image/jpeg,auxiliary_candidate,yes,,,Ming/Qing date not explicit
COM_160739795,S006,COM_160739795,MET_64086,Wikimedia Commons,160739795,"Scènes de palais, l’arrivée d’une délégation et les festivités en l’honneur du général Guo Ziyi (697-781) des Tang (détail).tif",scaled_800px,Public domain,public_domain,"https://commons.wikimedia.org/wiki/File:Sc%C3%A8nes_de_palais,_l%E2%80%99arriv%C3%A9e_d%E2%80%99une_d%C3%A9l%C3%A9gation_et_les_festivit%C3%A9s_en_l%E2%80%99honneur_du_g%C3%A9n%C3%A9ral_Guo_Ziyi_(697-781)_des_Tang_(d%C3%A9tail).tif",https://upload.wikimedia.org/wikipedia/commons/3/3d/Sc%C3%A8nes_de_palais%2C_l%E2%80%99arriv%C3%A9e_d%E2%80%99une_d%C3%A9l%C3%A9gation_et_les_festivit%C3%A9s_en_l%E2%80%99honneur_du_g%C3%A9n%C3%A9ral_Guo_Ziyi_%28697-781%29_des_Tang_%28d%C3%A9tail%29.tif?utm_source=commons.wikimedia.org&utm_campaign=imageinfo&utm_content=original,https://upload.wikimedia.org/wikipedia/commons/thumb/3/3d/Sc%C3%A8nes_de_palais%2C_l%E2%80%99arriv%C3%A9e_d%E2%80%99une_d%C3%A9l%C3%A9gation_et_les_festivit%C3%A9s_en_l%E2%80%99honneur_du_g%C3%A9n%C3%A9ral_Guo_Ziyi_%28697-781%29_des_Tang_%28d%C3%A9tail%29.tif/lossy-page1-960px-Sc%C3%A8nes_de_palais%2C_l%E2%80%99arriv%C3%A9e_d%E2%80%99une_d%C3%A9l%C3%A9gation_et_les_festivit%C3%A9s_en_l%E2%80%99honneur_du_g%C3%A9n%C3%A9ral_Guo_Ziyi_%28697-781%29_des_Tang_%28d%C3%A9tail%29.tif.jpg?utm_source=commons.wikimedia.org&utm_campaign=imageinfo&utm_content=thumbnail,raw\S006\detail.jpg,3cae7081b2d2257eae6a85cc0f73a1ac076ae325a1a3d191dcc62367406aeda0,760302,4775,13650,image/jpeg,auxiliary_candidate,yes,,,Ming/Qing date not explicit
COM_173045322,S025,COM_173045322,COM_OBJECT_ELTHAM_COURT_COROMANDEL,Wikimedia Commons,173045322,"1212906 II Star ELTHAM COURT (ELTHAM PALACE), COURT YARD, Chinese incised lacquer Coromandel screen Greenwich London 20250610 0001.jpg",scaled_800px,CC BY-SA 4.0,cc_by_sa_review,"https://commons.wikimedia.org/wiki/File:1212906_II_Star_ELTHAM_COURT_(ELTHAM_PALACE),_COURT_YARD,_Chinese_incised_lacquer_Coromandel_screen_Greenwich_London_20250610_0001.jpg",https://upload.wikimedia.org/wikipedia/commons/9/9c/1212906_II_Star_ELTHAM_COURT_%28ELTHAM_PALACE%29%2C_COURT_YARD%2C_Chinese_incised_lacquer_Coromandel_screen_Greenwich_London_20250610_0001.jpg?utm_source=commons.wikimedia.org&utm_campaign=imageinfo&utm_content=original,https://upload.wikimedia.org/wikipedia/commons/thumb/9/9c/1212906_II_Star_ELTHAM_COURT_%28ELTHAM_PALACE%29%2C_COURT_YARD%2C_Chinese_incised_lacquer_Coromandel_screen_Greenwich_London_20250610_0001.jpg/960px-1212906_II_Star_ELTHAM_COURT_%28ELTHAM_PALACE%29%2C_COURT_YARD%2C_Chinese_incised_lacquer_Coromandel_screen_Greenwich_London_20250610_0001.jpg?utm_source=commons.wikimedia.org&utm_campaign=imageinfo&utm_content=thumbnail,raw\S025\full.jpg,5d8321069042d51c2de2b454997a42d0a3591096d25738c255d344a98bc4bacb,252824,8256,5505,image/jpeg,auxiliary_candidate,yes,,,Ming/Qing date not explicit
COM_173045359,S025,COM_173045359,COM_OBJECT_ELTHAM_COURT_COROMANDEL,Wikimedia Commons,173045359,"1212906 II Star ELTHAM COURT (ELTHAM PALACE), COURT YARD, Chinese incised lacquer Coromandel screen Greenwich London 20250610 0002.jpg",scaled_800px,CC BY-SA 4.0,cc_by_sa_review,"https://commons.wikimedia.org/wiki/File:1212906_II_Star_ELTHAM_COURT_(ELTHAM_PALACE),_COURT_YARD,_Chinese_incised_lacquer_Coromandel_screen_Greenwich_London_20250610_0002.jpg",https://upload.wikimedia.org/wikipedia/commons/6/67/1212906_II_Star_ELTHAM_COURT_%28ELTHAM_PALACE%29%2C_COURT_YARD%2C_Chinese_incised_lacquer_Coromandel_screen_Greenwich_London_20250610_0002.jpg?utm_source=commons.wikimedia.org&utm_campaign=imageinfo&utm_content=original,https://upload.wikimedia.org/wikipedia/commons/thumb/6/67/1212906_II_Star_ELTHAM_COURT_%28ELTHAM_PALACE%29%2C_COURT_YARD%2C_Chinese_incised_lacquer_Coromandel_screen_Greenwich_London_20250610_0002.jpg/960px-1212906_II_Star_ELTHAM_COURT_%28ELTHAM_PALACE%29%2C_COURT_YARD%2C_Chinese_incised_lacquer_Coromandel_screen_Greenwich_London_20250610_0002.jpg?utm_source=commons.wikimedia.org&utm_campaign=imageinfo&utm_content=thumbnail,raw\S025\additional.jpg,b6348aaffe7394f1d2f634bde2370e8ba8d5c570846e5bec41ed27b1f2ce21a4,444941,5504,8448,image/jpeg,auxiliary_candidate,yes,,,Ming/Qing date not explicit
COM_173045387,S025,COM_173045387,COM_OBJECT_ELTHAM_COURT_COROMANDEL,Wikimedia Commons,173045387,"1212906 II Star ELTHAM COURT (ELTHAM PALACE), COURT YARD, Chinese incised lacquer Coromandel screen Greenwich London 20250610 0003.jpg",scaled_800px,CC BY-SA 4.0,cc_by_sa_review,"https://commons.wikimedia.org/wiki/File:1212906_II_Star_ELTHAM_COURT_(ELTHAM_PALACE),_COURT_YARD,_Chinese_incised_lacquer_Coromandel_screen_Greenwich_London_20250610_0003.jpg",https://upload.wikimedia.org/wikipedia/commons/a/a8/1212906_II_Star_ELTHAM_COURT_%28ELTHAM_PALACE%29%2C_COURT_YARD%2C_Chinese_incised_lacquer_Coromandel_screen_Greenwich_London_20250610_0003.jpg?utm_source=commons.wikimedia.org&utm_campaign=imageinfo&utm_content=original,https://upload.wikimedia.org/wikipedia/commons/thumb/a/a8/1212906_II_Star_ELTHAM_COURT_%28ELTHAM_PALACE%29%2C_COURT_YARD%2C_Chinese_incised_lacquer_Coromandel_screen_Greenwich_London_20250610_0003.jpg/960px-1212906_II_Star_ELTHAM_COURT_%28ELTHAM_PALACE%29%2C_COURT_YARD%2C_Chinese_incised_lacquer_Coromandel_screen_Greenwich_London_20250610_0003.jpg?utm_source=commons.wikimedia.org&utm_campaign=imageinfo&utm_content=thumbnail,raw\S025\additional_01.jpg,b4e394733a508694cdcb37f94bbe359e75299ec12ea128a043e52090dd57074b,387330,4854,7450,image/jpeg,auxiliary_candidate,yes,,,Ming/Qing date not explicit
COM_176638606,S006,COM_176638606,MET_64086,Wikimedia Commons,176638606,清康熙三十二年黑漆款彩郭子仪贺寿图屏.jpg,scaled_800px,Public domain,public_domain,https://commons.wikimedia.org/wiki/File:%E6%B8%85%E5%BA%B7%E7%86%99%E4%B8%89%E5%8D%81%E4%BA%8C%E5%B9%B4%E9%BB%91%E6%BC%86%E6%AC%BE%E5%BD%A9%E9%83%AD%E5%AD%90%E4%BB%AA%E8%B4%BA%E5%AF%BF%E5%9B%BE%E5%B1%8F.jpg,https://upload.wikimedia.org/wikipedia/commons/9/93/%E6%B8%85%E5%BA%B7%E7%86%99%E4%B8%89%E5%8D%81%E4%BA%8C%E5%B9%B4%E9%BB%91%E6%BC%86%E6%AC%BE%E5%BD%A9%E9%83%AD%E5%AD%90%E4%BB%AA%E8%B4%BA%E5%AF%BF%E5%9B%BE%E5%B1%8F.jpg?utm_source=commons.wikimedia.org&utm_campaign=imageinfo&utm_content=original,https://upload.wikimedia.org/wikipedia/commons/thumb/9/93/%E6%B8%85%E5%BA%B7%E7%86%99%E4%B8%89%E5%8D%81%E4%BA%8C%E5%B9%B4%E9%BB%91%E6%BC%86%E6%AC%BE%E5%BD%A9%E9%83%AD%E5%AD%90%E4%BB%AA%E8%B4%BA%E5%AF%BF%E5%9B%BE%E5%B1%8F.jpg/960px-%E6%B8%85%E5%BA%B7%E7%86%99%E4%B8%89%E5%8D%81%E4%BA%8C%E5%B9%B4%E9%BB%91%E6%BC%86%E6%AC%BE%E5%BD%A9%E9%83%AD%E5%AD%90%E4%BB%AA%E8%B4%BA%E5%AF%BF%E5%9B%BE%E5%B1%8F.jpg?utm_source=commons.wikimedia.org&utm_campaign=imageinfo&utm_content=thumbnail,raw\S006\additional.jpg,5e413457a4b5d18c6d564d6abe405fc63e8312ce614ebebddd847f6f371a6ab3,195907,7836,4250,image/jpeg,auxiliary_candidate,yes,,,
COM_185491502,S011,COM_185491502,COM_GROUP_f1c18d53e278,Wikimedia Commons,185491502,"Small coromandel screen, China, Qing dynasty, 1700-1800 AD, lacquered and inlaid wood, black with colors, Asian Art Museum SF - DSC08683.jpg",scaled_800px,CC0,public_domain,"https://commons.wikimedia.org/wiki/File:Small_coromandel_screen,_China,_Qing_dynasty,_1700-1800_AD,_lacquered_and_inlaid_wood,_black_with_colors,_Asian_Art_Museum_SF_-_DSC08683.jpg",https://upload.wikimedia.org/wikipedia/commons/9/9a/Small_coromandel_screen%2C_China%2C_Qing_dynasty%2C_1700-1800_AD%2C_lacquered_and_inlaid_wood%2C_black_with_colors%2C_Asian_Art_Museum_SF_-_DSC08683.jpg?utm_source=commons.wikimedia.org&utm_campaign=imageinfo&utm_content=original,https://upload.wikimedia.org/wikipedia/commons/thumb/9/9a/Small_coromandel_screen%2C_China%2C_Qing_dynasty%2C_1700-1800_AD%2C_lacquered_and_inlaid_wood%2C_black_with_colors%2C_Asian_Art_Museum_SF_-_DSC08683.jpg/960px-Small_coromandel_screen%2C_China%2C_Qing_dynasty%2C_1700-1800_AD%2C_lacquered_and_inlaid_wood%2C_black_with_colors%2C_Asian_Art_Museum_SF_-_DSC08683.jpg?utm_source=commons.wikimedia.org&utm_campaign=imageinfo&utm_content=thumbnail,raw\S011\full.jpg,319e5f046310fb8bc1ceef9d8d82b98a58c3a279d2efa2ca18697e5a0b2f8de4,194520,5242,3087,image/jpeg,auxiliary_candidate,yes,,,
COM_196561140,S018,COM_196561140,COM_OBJECT_NANTES_COROMANDEL,Wikimedia Commons,196561140,"Musée d'Histoire de Nantes, paravent en laque de Coromandel-01.jpg",scaled_800px,CC0,public_domain,"https://commons.wikimedia.org/wiki/File:Mus%C3%A9e_d%27Histoire_de_Nantes,_paravent_en_laque_de_Coromandel-01.jpg",https://upload.wikimedia.org/wikipedia/commons/2/23/Mus%C3%A9e_d%27Histoire_de_Nantes%2C_paravent_en_laque_de_Coromandel-01.jpg?utm_source=commons.wikimedia.org&utm_campaign=imageinfo&utm_content=original,https://upload.wikimedia.org/wikipedia/commons/thumb/2/23/Mus%C3%A9e_d%27Histoire_de_Nantes%2C_paravent_en_laque_de_Coromandel-01.jpg/960px-Mus%C3%A9e_d%27Histoire_de_Nantes%2C_paravent_en_laque_de_Coromandel-01.jpg?utm_source=commons.wikimedia.org&utm_campaign=imageinfo&utm_content=thumbnail,raw\S018\additional_01.jpg,e7eea057d4060b8778a03da9594d28e79ab4db8f178e260863db566e51c04484,258422,5315,3543,image/jpeg,auxiliary_candidate,yes,,,Ming/Qing date not explicit
COM_196561141,S018,COM_196561141,COM_OBJECT_NANTES_COROMANDEL,Wikimedia Commons,196561141,"Musée d'Histoire de Nantes, paravent en laque de Coromandel-02.jpg",scaled_800px,CC0,public_domain,"https://commons.wikimedia.org/wiki/File:Mus%C3%A9e_d%27Histoire_de_Nantes,_paravent_en_laque_de_Coromandel-02.jpg",https://upload.wikimedia.org/wikipedia/commons/9/9f/Mus%C3%A9e_d%27Histoire_de_Nantes%2C_paravent_en_laque_de_Coromandel-02.jpg?utm_source=commons.wikimedia.org&utm_campaign=imageinfo&utm_content=original,https://upload.wikimedia.org/wikipedia/commons/thumb/9/9f/Mus%C3%A9e_d%27Histoire_de_Nantes%2C_paravent_en_laque_de_Coromandel-02.jpg/960px-Mus%C3%A9e_d%27Histoire_de_Nantes%2C_paravent_en_laque_de_Coromandel-02.jpg?utm_source=commons.wikimedia.org&utm_campaign=imageinfo&utm_content=thumbnail,raw\S018\additional_02.jpg,2a2fea051fa05a432a6f4c2ae50634efef646b38ca983765697a049bff0882ea,188040,5315,2346,image/jpeg,auxiliary_candidate,yes,,,Ming/Qing date not explicit
COM_24666533,S018,COM_24666533,COM_OBJECT_NANTES_COROMANDEL,Wikimedia Commons,24666533,Danseuses et musiciennes chinoises (Musée dhistoire de Nantes) (7342514826).jpg,scaled_800px,CC BY 2.0,cc_by,https://commons.wikimedia.org/wiki/File:Danseuses_et_musiciennes_chinoises_(Mus%C3%A9e_dhistoire_de_Nantes)_(7342514826).jpg,https://upload.wikimedia.org/wikipedia/commons/0/08/Danseuses_et_musiciennes_chinoises_%28Mus%C3%A9e_dhistoire_de_Nantes%29_%287342514826%29.jpg?utm_source=commons.wikimedia.org&utm_campaign=imageinfo&utm_content=original,https://upload.wikimedia.org/wikipedia/commons/thumb/0/08/Danseuses_et_musiciennes_chinoises_%28Mus%C3%A9e_dhistoire_de_Nantes%29_%287342514826%29.jpg/960px-Danseuses_et_musiciennes_chinoises_%28Mus%C3%A9e_dhistoire_de_Nantes%29_%287342514826%29.jpg?utm_source=commons.wikimedia.org&utm_campaign=imageinfo&utm_content=thumbnail,raw\S018\additional_03.jpg,bf725a46743503f1c9c1cd70de20605bf498335d59b3bd43a57c2a9259c020b4,360862,1213,1024,image/jpeg,auxiliary_candidate,yes,,,Ming/Qing date not explicit
COM_34212551,S021,COM_34212551,COM_GROUP_eb86f02e5b60,Wikimedia Commons,34212551,Hofmobiliendepot - Chinesischer Paravent.jpg,scaled_800px,CC BY-SA 4.0,cc_by_sa_review,https://commons.wikimedia.org/wiki/File:Hofmobiliendepot_-_Chinesischer_Paravent.jpg,https://upload.wikimedia.org/wikipedia/commons/4/47/Hofmobiliendepot_-_Chinesischer_Paravent.jpg?utm_source=commons.wikimedia.org&utm_campaign=imageinfo&utm_content=original,https://upload.wikimedia.org/wikipedia/commons/thumb/4/47/Hofmobiliendepot_-_Chinesischer_Paravent.jpg/960px-Hofmobiliendepot_-_Chinesischer_Paravent.jpg?utm_source=commons.wikimedia.org&utm_campaign=imageinfo&utm_content=thumbnail,raw\S021\full.jpg,93f1608b20e3a212d9dbf76fe1aadb42da6b0335bb3e90a6ecbd819a38b48eb1,225283,4364,3388,image/jpeg,auxiliary_candidate,yes,,,
COM_51350616,S020,COM_51350616,COM_GROUP_53ebac964941,Wikimedia Commons,51350616,"Cina, paravento bianco e blu in porcellana, xviii secolo.jpg",scaled_800px,CC BY-SA 4.0,cc_by_sa_review,"https://commons.wikimedia.org/wiki/File:Cina,_paravento_bianco_e_blu_in_porcellana,_xviii_secolo.jpg",https://upload.wikimedia.org/wikipedia/commons/5/5b/Cina%2C_paravento_bianco_e_blu_in_porcellana%2C_xviii_secolo.jpg?utm_source=commons.wikimedia.org&utm_campaign=imageinfo&utm_content=original,https://upload.wikimedia.org/wikipedia/commons/thumb/5/5b/Cina%2C_paravento_bianco_e_blu_in_porcellana%2C_xviii_secolo.jpg/960px-Cina%2C_paravento_bianco_e_blu_in_porcellana%2C_xviii_secolo.jpg?utm_source=commons.wikimedia.org&utm_campaign=imageinfo&utm_content=thumbnail,raw\S020\full.jpg,be90bd1dafab252c700807c28be2764d3ee87f9152288c7d8c40f8766b5ba6e4,232538,2744,1800,image/jpeg,auxiliary_candidate,yes,,,
COM_51350617,S016,COM_51350617,COM_GROUP_c81a2cc7764c,Wikimedia Commons,51350617,"Cina, paravento in stile coromandel, lacca, madreperla, tartaruga e oro, 1750-1800 ca. 00.jpg",scaled_800px,CC BY-SA 4.0,cc_by_sa_review,"https://commons.wikimedia.org/wiki/File:Cina,_paravento_in_stile_coromandel,_lacca,_madreperla,_tartaruga_e_oro,_1750-1800_ca._00.jpg",https://upload.wikimedia.org/wikipedia/commons/a/a6/Cina%2C_paravento_in_stile_coromandel%2C_lacca%2C_madreperla%2C_tartaruga_e_oro%2C_1750-1800_ca._00.jpg?utm_source=commons.wikimedia.org&utm_campaign=imageinfo&utm_content=original,https://upload.wikimedia.org/wikipedia/commons/thumb/a/a6/Cina%2C_paravento_in_stile_coromandel%2C_lacca%2C_madreperla%2C_tartaruga_e_oro%2C_1750-1800_ca._00.jpg/960px-Cina%2C_paravento_in_stile_coromandel%2C_lacca%2C_madreperla%2C_tartaruga_e_oro%2C_1750-1800_ca._00.jpg?utm_source=commons.wikimedia.org&utm_campaign=imageinfo&utm_content=thumbnail,raw\S016\full.jpg,3ad79cb6ca7385524e321040b1f023df3e0230cf2ab6af1d338d5a6aa5056c0c,36112,2940,2140,image/jpeg,auxiliary_candidate,yes,,,
COM_51350620,S016,COM_51350620,COM_GROUP_c81a2cc7764c,Wikimedia Commons,51350620,"Cina, paravento in stile coromandel, lacca, madreperla, tartaruga e oro, 1750-1800 ca. 03.jpg",scaled_800px,CC BY-SA 4.0,cc_by_sa_review,"https://commons.wikimedia.org/wiki/File:Cina,_paravento_in_stile_coromandel,_lacca,_madreperla,_tartaruga_e_oro,_1750-1800_ca._03.jpg",https://upload.wikimedia.org/wikipedia/commons/4/4c/Cina%2C_paravento_in_stile_coromandel%2C_lacca%2C_madreperla%2C_tartaruga_e_oro%2C_1750-1800_ca._03.jpg?utm_source=commons.wikimedia.org&utm_campaign=imageinfo&utm_content=original,https://upload.wikimedia.org/wikipedia/commons/thumb/4/4c/Cina%2C_paravento_in_stile_coromandel%2C_lacca%2C_madreperla%2C_tartaruga_e_oro%2C_1750-1800_ca._03.jpg/960px-Cina%2C_paravento_in_stile_coromandel%2C_lacca%2C_madreperla%2C_tartaruga_e_oro%2C_1750-1800_ca._03.jpg?utm_source=commons.wikimedia.org&utm_campaign=imageinfo&utm_content=thumbnail,raw\S016\additional.jpg,4bce850a959706335cd959069e0d39557d8c91182acbc04213437a75a53c80a0,473182,2244,3172,image/jpeg,auxiliary_candidate,yes,,,
COM_51350621,S016,COM_51350621,COM_GROUP_c81a2cc7764c,Wikimedia Commons,51350621,"Cina, paravento in stile coromandel, lacca, madreperla, tartaruga e oro, 1750-1800 ca. 02.jpg",scaled_800px,CC BY-SA 4.0,cc_by_sa_review,"https://commons.wikimedia.org/wiki/File:Cina,_paravento_in_stile_coromandel,_lacca,_madreperla,_tartaruga_e_oro,_1750-1800_ca._02.jpg",https://upload.wikimedia.org/wikipedia/commons/c/ce/Cina%2C_paravento_in_stile_coromandel%2C_lacca%2C_madreperla%2C_tartaruga_e_oro%2C_1750-1800_ca._02.jpg?utm_source=commons.wikimedia.org&utm_campaign=imageinfo&utm_content=original,https://upload.wikimedia.org/wikipedia/commons/thumb/c/ce/Cina%2C_paravento_in_stile_coromandel%2C_lacca%2C_madreperla%2C_tartaruga_e_oro%2C_1750-1800_ca._02.jpg/960px-Cina%2C_paravento_in_stile_coromandel%2C_lacca%2C_madreperla%2C_tartaruga_e_oro%2C_1750-1800_ca._02.jpg?utm_source=commons.wikimedia.org&utm_campaign=imageinfo&utm_content=thumbnail,raw\S016\additional_01.jpg,f54bf6c64d96ad842e251214bf7f0b1a846431c3e6c3bfc9edcf6eeb8a3ae18a,535693,2304,3456,image/jpeg,auxiliary_candidate,yes,,,
COM_51350622,S016,COM_51350622,COM_GROUP_c81a2cc7764c,Wikimedia Commons,51350622,"Cina, paravento in stile coromandel, lacca, madreperla, tartaruga e oro, 1750-1800 ca. 01.jpg",scaled_800px,CC BY-SA 4.0,cc_by_sa_review,"https://commons.wikimedia.org/wiki/File:Cina,_paravento_in_stile_coromandel,_lacca,_madreperla,_tartaruga_e_oro,_1750-1800_ca._01.jpg",https://upload.wikimedia.org/wikipedia/commons/1/14/Cina%2C_paravento_in_stile_coromandel%2C_lacca%2C_madreperla%2C_tartaruga_e_oro%2C_1750-1800_ca._01.jpg?utm_source=commons.wikimedia.org&utm_campaign=imageinfo&utm_content=original,https://upload.wikimedia.org/wikipedia/commons/thumb/1/14/Cina%2C_paravento_in_stile_coromandel%2C_lacca%2C_madreperla%2C_tartaruga_e_oro%2C_1750-1800_ca._01.jpg/960px-Cina%2C_paravento_in_stile_coromandel%2C_lacca%2C_madreperla%2C_tartaruga_e_oro%2C_1750-1800_ca._01.jpg?utm_source=commons.wikimedia.org&utm_campaign=imageinfo&utm_content=thumbnail,raw\S016\additional_02.jpg,991fee21ee946d024ed4972e0956dcec2148092a67a07851965b070278e33a6c,275067,2896,2073,image/jpeg,auxiliary_candidate,yes,,,
COM_51350625,S016,COM_51350625,COM_GROUP_c81a2cc7764c,Wikimedia Commons,51350625,"Cina, paravento in stile coromandel, lacca, madreperla, tartaruga e oro, 1750-1800 ca. 04.jpg",scaled_800px,CC BY-SA 4.0,cc_by_sa_review,"https://commons.wikimedia.org/wiki/File:Cina,_paravento_in_stile_coromandel,_lacca,_madreperla,_tartaruga_e_oro,_1750-1800_ca._04.jpg",https://upload.wikimedia.org/wikipedia/commons/5/55/Cina%2C_paravento_in_stile_coromandel%2C_lacca%2C_madreperla%2C_tartaruga_e_oro%2C_1750-1800_ca._04.jpg?utm_source=commons.wikimedia.org&utm_campaign=imageinfo&utm_content=original,https://upload.wikimedia.org/wikipedia/commons/thumb/5/55/Cina%2C_paravento_in_stile_coromandel%2C_lacca%2C_madreperla%2C_tartaruga_e_oro%2C_1750-1800_ca._04.jpg/960px-Cina%2C_paravento_in_stile_coromandel%2C_lacca%2C_madreperla%2C_tartaruga_e_oro%2C_1750-1800_ca._04.jpg?utm_source=commons.wikimedia.org&utm_campaign=imageinfo&utm_content=thumbnail,raw\S016\additional_03.jpg,c0084312c689ba7a2833a74eeb723f5bb5cee931835eb0feaf385f85a2553609,486471,2184,3212,image/jpeg,auxiliary_candidate,yes,,,
COM_57379603,S003,COM_57379603,MET_911983,Wikimedia Commons,57379603,清 佚名 中國地圖 屏風-Map of China MET 25 21.jpeg,scaled_800px,CC0,public_domain,https://commons.wikimedia.org/wiki/File:%E6%B8%85_%E4%BD%9A%E5%90%8D_%E4%B8%AD%E5%9C%8B%E5%9C%B0%E5%9C%96_%E5%B1%8F%E9%A2%A8-Map_of_China_MET_25_21.jpeg,https://upload.wikimedia.org/wikipedia/commons/f/fc/%E6%B8%85_%E4%BD%9A%E5%90%8D_%E4%B8%AD%E5%9C%8B%E5%9C%B0%E5%9C%96_%E5%B1%8F%E9%A2%A8-Map_of_China_MET_25_21.jpeg?utm_source=commons.wikimedia.org&utm_campaign=imageinfo&utm_content=original,https://upload.wikimedia.org/wikipedia/commons/f/fc/%E6%B8%85_%E4%BD%9A%E5%90%8D_%E4%B8%AD%E5%9C%8B%E5%9C%B0%E5%9C%96_%E5%B1%8F%E9%A2%A8-Map_of_China_MET_25_21.jpeg?utm_source=commons.wikimedia.org&utm_campaign=imageinfo&utm_content=thumbnail_unscaled,raw\S003\full.jpg,c2a53930a99224a57ba3141c942d43c7fd9b6b3b1e85f24748eeaad1995589f8,157632,899,641,image/jpeg,auxiliary_candidate,yes,,,Ming/Qing date not explicit
COM_58784057,S007,COM_58784057,COM_OBJECT_WOMEN_IN_PALACE_12_PANEL,Wikimedia Commons,58784057,清康熙 黑漆嵌螺鈿仕女圖屏風-Women in a Palace MET DP141220.jpg,scaled_800px,CC0,public_domain,https://commons.wikimedia.org/wiki/File:%E6%B8%85%E5%BA%B7%E7%86%99_%E9%BB%91%E6%BC%86%E5%B5%8C%E8%9E%BA%E9%88%BF%E4%BB%95%E5%A5%B3%E5%9C%96%E5%B1%8F%E9%A2%A8-Women_in_a_Palace_MET_DP141220.jpg,https://upload.wikimedia.org/wikipedia/commons/9/9a/%E6%B8%85%E5%BA%B7%E7%86%99_%E9%BB%91%E6%BC%86%E5%B5%8C%E8%9E%BA%E9%88%BF%E4%BB%95%E5%A5%B3%E5%9C%96%E5%B1%8F%E9%A2%A8-Women_in_a_Palace_MET_DP141220.jpg?utm_source=commons.wikimedia.org&utm_campaign=imageinfo&utm_content=original,https://upload.wikimedia.org/wikipedia/commons/thumb/9/9a/%E6%B8%85%E5%BA%B7%E7%86%99_%E9%BB%91%E6%BC%86%E5%B5%8C%E8%9E%BA%E9%88%BF%E4%BB%95%E5%A5%B3%E5%9C%96%E5%B1%8F%E9%A2%A8-Women_in_a_Palace_MET_DP141220.jpg/960px-%E6%B8%85%E5%BA%B7%E7%86%99_%E9%BB%91%E6%BC%86%E5%B5%8C%E8%9E%BA%E9%88%BF%E4%BB%95%E5%A5%B3%E5%9C%96%E5%B1%8F%E9%A2%A8-Women_in_a_Palace_MET_DP141220.jpg?utm_source=commons.wikimedia.org&utm_campaign=imageinfo&utm_content=thumbnail,raw\S007\full.jpg,826014ef047c4a6e3433ed3720f2da8f13d0825270d29a6033e9fa5746d0a7c6,249516,2000,1500,image/jpeg,core_candidate,no,,,
COM_58784061,S007,COM_58784061,COM_OBJECT_WOMEN_IN_PALACE_12_PANEL,Wikimedia Commons,58784061,清康熙 黑漆嵌螺鈿仕女圖屏風-Women in a Palace MET 2001 76g-l recto O.jpeg,scaled_800px,CC0,public_domain,https://commons.wikimedia.org/wiki/File:%E6%B8%85%E5%BA%B7%E7%86%99_%E9%BB%91%E6%BC%86%E5%B5%8C%E8%9E%BA%E9%88%BF%E4%BB%95%E5%A5%B3%E5%9C%96%E5%B1%8F%E9%A2%A8-Women_in_a_Palace_MET_2001_76g-l_recto_O.jpeg,https://upload.wikimedia.org/wikipedia/commons/c/c8/%E6%B8%85%E5%BA%B7%E7%86%99_%E9%BB%91%E6%BC%86%E5%B5%8C%E8%9E%BA%E9%88%BF%E4%BB%95%E5%A5%B3%E5%9C%96%E5%B1%8F%E9%A2%A8-Women_in_a_Palace_MET_2001_76g-l_recto_O.jpeg?utm_source=commons.wikimedia.org&utm_campaign=imageinfo&utm_content=original,https://upload.wikimedia.org/wikipedia/commons/c/c8/%E6%B8%85%E5%BA%B7%E7%86%99_%E9%BB%91%E6%BC%86%E5%B5%8C%E8%9E%BA%E9%88%BF%E4%BB%95%E5%A5%B3%E5%9C%96%E5%B1%8F%E9%A2%A8-Women_in_a_Palace_MET_2001_76g-l_recto_O.jpeg?utm_source=commons.wikimedia.org&utm_campaign=imageinfo&utm_content=thumbnail_unscaled,raw\S007\full_01.jpg,f3c6fe72bc111fe645c7685307d975378884df4db3153d37aa0b2f17a6a2412c,85416,850,366,image/jpeg,core_candidate,no,,,
COM_58784069,S007,COM_58784069,COM_OBJECT_WOMEN_IN_PALACE_12_PANEL,Wikimedia Commons,58784069,清康熙 黑漆嵌螺鈿仕女圖屏風-Women in a Palace MET 2001 76a-l verso O.jpeg,scaled_800px,CC0,public_domain,https://commons.wikimedia.org/wiki/File:%E6%B8%85%E5%BA%B7%E7%86%99_%E9%BB%91%E6%BC%86%E5%B5%8C%E8%9E%BA%E9%88%BF%E4%BB%95%E5%A5%B3%E5%9C%96%E5%B1%8F%E9%A2%A8-Women_in_a_Palace_MET_2001_76a-l_verso_O.jpeg,https://upload.wikimedia.org/wikipedia/commons/a/a1/%E6%B8%85%E5%BA%B7%E7%86%99_%E9%BB%91%E6%BC%86%E5%B5%8C%E8%9E%BA%E9%88%BF%E4%BB%95%E5%A5%B3%E5%9C%96%E5%B1%8F%E9%A2%A8-Women_in_a_Palace_MET_2001_76a-l_verso_O.jpeg?utm_source=commons.wikimedia.org&utm_campaign=imageinfo&utm_content=original,https://upload.wikimedia.org/wikipedia/commons/a/a1/%E6%B8%85%E5%BA%B7%E7%86%99_%E9%BB%91%E6%BC%86%E5%B5%8C%E8%9E%BA%E9%88%BF%E4%BB%95%E5%A5%B3%E5%9C%96%E5%B1%8F%E9%A2%A8-Women_in_a_Palace_MET_2001_76a-l_verso_O.jpeg?utm_source=commons.wikimedia.org&utm_campaign=imageinfo&utm_content=thumbnail_unscaled,raw\S007\reverse.jpg,c846bf9064b1697be3114fe1f02fb5fd227295b88725a32ca03f49b9f960a65b,96496,850,353,image/jpeg,core_candidate,no,,,
COM_58784091,S007,COM_58784091,COM_OBJECT_WOMEN_IN_PALACE_12_PANEL,Wikimedia Commons,58784091,清康熙 黑漆嵌螺鈿仕女圖屏風-Women in a Palace MET DP141222.jpg,scaled_800px,CC0,public_domain,https://commons.wikimedia.org/wiki/File:%E6%B8%85%E5%BA%B7%E7%86%99_%E9%BB%91%E6%BC%86%E5%B5%8C%E8%9E%BA%E9%88%BF%E4%BB%95%E5%A5%B3%E5%9C%96%E5%B1%8F%E9%A2%A8-Women_in_a_Palace_MET_DP141222.jpg,https://upload.wikimedia.org/wikipedia/commons/e/e6/%E6%B8%85%E5%BA%B7%E7%86%99_%E9%BB%91%E6%BC%86%E5%B5%8C%E8%9E%BA%E9%88%BF%E4%BB%95%E5%A5%B3%E5%9C%96%E5%B1%8F%E9%A2%A8-Women_in_a_Palace_MET_DP141222.jpg?utm_source=commons.wikimedia.org&utm_campaign=imageinfo&utm_content=original,https://upload.wikimedia.org/wikipedia/commons/thumb/e/e6/%E6%B8%85%E5%BA%B7%E7%86%99_%E9%BB%91%E6%BC%86%E5%B5%8C%E8%9E%BA%E9%88%BF%E4%BB%95%E5%A5%B3%E5%9C%96%E5%B1%8F%E9%A2%A8-Women_in_a_Palace_MET_DP141222.jpg/960px-%E6%B8%85%E5%BA%B7%E7%86%99_%E9%BB%91%E6%BC%86%E5%B5%8C%E8%9E%BA%E9%88%BF%E4%BB%95%E5%A5%B3%E5%9C%96%E5%B1%8F%E9%A2%A8-Women_in_a_Palace_MET_DP141222.jpg?utm_source=commons.wikimedia.org&utm_campaign=imageinfo&utm_content=thumbnail,raw\S007\additional.jpg,445a44e03e2835a06ece7b8d1dd3c27052f029c7ec90e4663cf799ca6b7caf18,397188,1500,2000,image/jpeg,core_candidate,no,,,
COM_58784100,S007,COM_58784100,COM_OBJECT_WOMEN_IN_PALACE_12_PANEL,Wikimedia Commons,58784100,清康熙 黑漆嵌螺鈿仕女圖屏風-Women in a Palace MET DP141223.jpg,scaled_800px,CC0,public_domain,https://commons.wikimedia.org/wiki/File:%E6%B8%85%E5%BA%B7%E7%86%99_%E9%BB%91%E6%BC%86%E5%B5%8C%E8%9E%BA%E9%88%BF%E4%BB%95%E5%A5%B3%E5%9C%96%E5%B1%8F%E9%A2%A8-Women_in_a_Palace_MET_DP141223.jpg,https://upload.wikimedia.org/wikipedia/commons/6/62/%E6%B8%85%E5%BA%B7%E7%86%99_%E9%BB%91%E6%BC%86%E5%B5%8C%E8%9E%BA%E9%88%BF%E4%BB%95%E5%A5%B3%E5%9C%96%E5%B1%8F%E9%A2%A8-Women_in_a_Palace_MET_DP141223.jpg?utm_source=commons.wikimedia.org&utm_campaign=imageinfo&utm_content=original,https://upload.wikimedia.org/wikipedia/commons/thumb/6/62/%E6%B8%85%E5%BA%B7%E7%86%99_%E9%BB%91%E6%BC%86%E5%B5%8C%E8%9E%BA%E9%88%BF%E4%BB%95%E5%A5%B3%E5%9C%96%E5%B1%8F%E9%A2%A8-Women_in_a_Palace_MET_DP141223.jpg/960px-%E6%B8%85%E5%BA%B7%E7%86%99_%E9%BB%91%E6%BC%86%E5%B5%8C%E8%9E%BA%E9%88%BF%E4%BB%95%E5%A5%B3%E5%9C%96%E5%B1%8F%E9%A2%A8-Women_in_a_Palace_MET_DP141223.jpg?utm_source=commons.wikimedia.org&utm_campaign=imageinfo&utm_content=thumbnail,raw\S007\additional_01.jpg,18f9dd3bfceb9febd3a3fcdad5de5214a5506bb9d71de2ef57a2822e729abcb8,439242,1500,2000,image/jpeg,core_candidate,no,,,
COM_58784107,S007,COM_58784107,COM_OBJECT_WOMEN_IN_PALACE_12_PANEL,Wikimedia Commons,58784107,清康熙 黑漆嵌螺鈿仕女圖屏風-Women in a Palace MET DP141221.jpg,scaled_800px,CC0,public_domain,https://commons.wikimedia.org/wiki/File:%E6%B8%85%E5%BA%B7%E7%86%99_%E9%BB%91%E6%BC%86%E5%B5%8C%E8%9E%BA%E9%88%BF%E4%BB%95%E5%A5%B3%E5%9C%96%E5%B1%8F%E9%A2%A8-Women_in_a_Palace_MET_DP141221.jpg,https://upload.wikimedia.org/wikipedia/commons/7/77/%E6%B8%85%E5%BA%B7%E7%86%99_%E9%BB%91%E6%BC%86%E5%B5%8C%E8%9E%BA%E9%88%BF%E4%BB%95%E5%A5%B3%E5%9C%96%E5%B1%8F%E9%A2%A8-Women_in_a_Palace_MET_DP141221.jpg?utm_source=commons.wikimedia.org&utm_campaign=imageinfo&utm_content=original,https://upload.wikimedia.org/wikipedia/commons/thumb/7/77/%E6%B8%85%E5%BA%B7%E7%86%99_%E9%BB%91%E6%BC%86%E5%B5%8C%E8%9E%BA%E9%88%BF%E4%BB%95%E5%A5%B3%E5%9C%96%E5%B1%8F%E9%A2%A8-Women_in_a_Palace_MET_DP141221.jpg/960px-%E6%B8%85%E5%BA%B7%E7%86%99_%E9%BB%91%E6%BC%86%E5%B5%8C%E8%9E%BA%E9%88%BF%E4%BB%95%E5%A5%B3%E5%9C%96%E5%B1%8F%E9%A2%A8-Women_in_a_Palace_MET_DP141221.jpg?utm_source=commons.wikimedia.org&utm_campaign=imageinfo&utm_content=thumbnail,raw\S007\additional_02.jpg,c143cf24862851d739eed2dd9edd160727101412ad3999672af80f97301e7dd9,388903,1500,2000,image/jpeg,core_candidate,no,,,
COM_58784109,S007,COM_58784109,COM_OBJECT_WOMEN_IN_PALACE_12_PANEL,Wikimedia Commons,58784109,清康熙 黑漆嵌螺鈿仕女圖屏風-Women in a Palace MET DP141224.jpg,scaled_800px,CC0,public_domain,https://commons.wikimedia.org/wiki/File:%E6%B8%85%E5%BA%B7%E7%86%99_%E9%BB%91%E6%BC%86%E5%B5%8C%E8%9E%BA%E9%88%BF%E4%BB%95%E5%A5%B3%E5%9C%96%E5%B1%8F%E9%A2%A8-Women_in_a_Palace_MET_DP141224.jpg,https://upload.wikimedia.org/wikipedia/commons/a/a4/%E6%B8%85%E5%BA%B7%E7%86%99_%E9%BB%91%E6%BC%86%E5%B5%8C%E8%9E%BA%E9%88%BF%E4%BB%95%E5%A5%B3%E5%9C%96%E5%B1%8F%E9%A2%A8-Women_in_a_Palace_MET_DP141224.jpg?utm_source=commons.wikimedia.org&utm_campaign=imageinfo&utm_content=original,https://upload.wikimedia.org/wikipedia/commons/thumb/a/a4/%E6%B8%85%E5%BA%B7%E7%86%99_%E9%BB%91%E6%BC%86%E5%B5%8C%E8%9E%BA%E9%88%BF%E4%BB%95%E5%A5%B3%E5%9C%96%E5%B1%8F%E9%A2%A8-Women_in_a_Palace_MET_DP141224.jpg/960px-%E6%B8%85%E5%BA%B7%E7%86%99_%E9%BB%91%E6%BC%86%E5%B5%8C%E8%9E%BA%E9%88%BF%E4%BB%95%E5%A5%B3%E5%9C%96%E5%B1%8F%E9%A2%A8-Women_in_a_Palace_MET_DP141224.jpg?utm_source=commons.wikimedia.org&utm_campaign=imageinfo&utm_content=thumbnail,raw\S007\additional_03.jpg,49633ff1379c3cfc57537099bf0b603b8ad7412d13ec9f8fa50b63f4c5ce8c14,343381,1500,2000,image/jpeg,core_candidate,no,,,
COM_59227297,S001,COM_59227297,MET_61665,Wikimedia Commons,59227297,清 馮朗公 宮苑圖 屏風-Palace Scene MET DP263629.jpg,scaled_800px,CC0,public_domain,https://commons.wikimedia.org/wiki/File:%E6%B8%85_%E9%A6%AE%E6%9C%97%E5%85%AC_%E5%AE%AE%E8%8B%91%E5%9C%96_%E5%B1%8F%E9%A2%A8-Palace_Scene_MET_DP263629.jpg,https://upload.wikimedia.org/wikipedia/commons/b/ba/%E6%B8%85_%E9%A6%AE%E6%9C%97%E5%85%AC_%E5%AE%AE%E8%8B%91%E5%9C%96_%E5%B1%8F%E9%A2%A8-Palace_Scene_MET_DP263629.jpg?utm_source=commons.wikimedia.org&utm_campaign=imageinfo&utm_content=original,https://upload.wikimedia.org/wikipedia/commons/thumb/b/ba/%E6%B8%85_%E9%A6%AE%E6%9C%97%E5%85%AC_%E5%AE%AE%E8%8B%91%E5%9C%96_%E5%B1%8F%E9%A2%A8-Palace_Scene_MET_DP263629.jpg/960px-%E6%B8%85_%E9%A6%AE%E6%9C%97%E5%85%AC_%E5%AE%AE%E8%8B%91%E5%9C%96_%E5%B1%8F%E9%A2%A8-Palace_Scene_MET_DP263629.jpg?utm_source=commons.wikimedia.org&utm_campaign=imageinfo&utm_content=thumbnail,raw\S001\full.jpg,31129b65a32becc66993d3375e087b158fc865fb09c3e2485d91dd9b7a0855e9,186242,1981,954,image/jpeg,auxiliary_candidate,yes,,,
COM_59227301,S001,COM_59227301,MET_61665,Wikimedia Commons,59227301,清 馮朗公 宮苑圖 屏風-Palace Scene MET DP263630.jpg,scaled_800px,CC0,public_domain,https://commons.wikimedia.org/wiki/File:%E6%B8%85_%E9%A6%AE%E6%9C%97%E5%85%AC_%E5%AE%AE%E8%8B%91%E5%9C%96_%E5%B1%8F%E9%A2%A8-Palace_Scene_MET_DP263630.jpg,https://upload.wikimedia.org/wikipedia/commons/2/2c/%E6%B8%85_%E9%A6%AE%E6%9C%97%E5%85%AC_%E5%AE%AE%E8%8B%91%E5%9C%96_%E5%B1%8F%E9%A2%A8-Palace_Scene_MET_DP263630.jpg?utm_source=commons.wikimedia.org&utm_campaign=imageinfo&utm_content=original,https://upload.wikimedia.org/wikipedia/commons/thumb/2/2c/%E6%B8%85_%E9%A6%AE%E6%9C%97%E5%85%AC_%E5%AE%AE%E8%8B%91%E5%9C%96_%E5%B1%8F%E9%A2%A8-Palace_Scene_MET_DP263630.jpg/960px-%E6%B8%85_%E9%A6%AE%E6%9C%97%E5%85%AC_%E5%AE%AE%E8%8B%91%E5%9C%96_%E5%B1%8F%E9%A2%A8-Palace_Scene_MET_DP263630.jpg?utm_source=commons.wikimedia.org&utm_campaign=imageinfo&utm_content=thumbnail,raw\S001\additional.jpg,580fc4d6063b682052a854d077acd7ae304df5c5295771b671a6cb7a0e312bc1,178863,1981,962,image/jpeg,auxiliary_candidate,yes,,,
COM_59233428,S006,COM_59233428,MET_64086,Wikimedia Commons,59233428,清晚期 盧葵生款 剔紅郭子儀賀壽圖屏風-Screen with birthday celebration for General Guo Ziyi MET DP211786.jpg,scaled_800px,CC0,public_domain,https://commons.wikimedia.org/wiki/File:%E6%B8%85%E6%99%9A%E6%9C%9F_%E7%9B%A7%E8%91%B5%E7%94%9F%E6%AC%BE_%E5%89%94%E7%B4%85%E9%83%AD%E5%AD%90%E5%84%80%E8%B3%80%E5%A3%BD%E5%9C%96%E5%B1%8F%E9%A2%A8-Screen_with_birthday_celebration_for_General_Guo_Ziyi_MET_DP211786.jpg,https://upload.wikimedia.org/wikipedia/commons/9/9e/%E6%B8%85%E6%99%9A%E6%9C%9F_%E7%9B%A7%E8%91%B5%E7%94%9F%E6%AC%BE_%E5%89%94%E7%B4%85%E9%83%AD%E5%AD%90%E5%84%80%E8%B3%80%E5%A3%BD%E5%9C%96%E5%B1%8F%E9%A2%A8-Screen_with_birthday_celebration_for_General_Guo_Ziyi_MET_DP211786.jpg?utm_source=commons.wikimedia.org&utm_campaign=imageinfo&utm_content=original,https://upload.wikimedia.org/wikipedia/commons/thumb/9/9e/%E6%B8%85%E6%99%9A%E6%9C%9F_%E7%9B%A7%E8%91%B5%E7%94%9F%E6%AC%BE_%E5%89%94%E7%B4%85%E9%83%AD%E5%AD%90%E5%84%80%E8%B3%80%E5%A3%BD%E5%9C%96%E5%B1%8F%E9%A2%A8-Screen_with_birthday_celebration_for_General_Guo_Ziyi_MET_DP211786.jpg/960px-%E6%B8%85%E6%99%9A%E6%9C%9F_%E7%9B%A7%E8%91%B5%E7%94%9F%E6%AC%BE_%E5%89%94%E7%B4%85%E9%83%AD%E5%AD%90%E5%84%80%E8%B3%80%E5%A3%BD%E5%9C%96%E5%B1%8F%E9%A2%A8-Screen_with_birthday_celebration_for_General_Guo_Ziyi_MET_DP211786.jpg?utm_source=commons.wikimedia.org&utm_campaign=imageinfo&utm_content=thumbnail,raw\S006\additional_01.jpg,1e8b612aadb5b53323a4423bf3d371d5c1248bbed8d4caf53b6757dc1b837979,209710,4000,3001,image/jpeg,auxiliary_candidate,yes,,,
COM_59233430,S006,COM_59233430,MET_64086,Wikimedia Commons,59233430,清晚期 盧葵生款 剔紅郭子儀賀壽圖屏風-Screen with birthday celebration for General Guo Ziyi MET DP211894.jpg,scaled_800px,CC0,public_domain,https://commons.wikimedia.org/wiki/File:%E6%B8%85%E6%99%9A%E6%9C%9F_%E7%9B%A7%E8%91%B5%E7%94%9F%E6%AC%BE_%E5%89%94%E7%B4%85%E9%83%AD%E5%AD%90%E5%84%80%E8%B3%80%E5%A3%BD%E5%9C%96%E5%B1%8F%E9%A2%A8-Screen_with_birthday_celebration_for_General_Guo_Ziyi_MET_DP211894.jpg,https://upload.wikimedia.org/wikipedia/commons/5/50/%E6%B8%85%E6%99%9A%E6%9C%9F_%E7%9B%A7%E8%91%B5%E7%94%9F%E6%AC%BE_%E5%89%94%E7%B4%85%E9%83%AD%E5%AD%90%E5%84%80%E8%B3%80%E5%A3%BD%E5%9C%96%E5%B1%8F%E9%A2%A8-Screen_with_birthday_celebration_for_General_Guo_Ziyi_MET_DP211894.jpg?utm_source=commons.wikimedia.org&utm_campaign=imageinfo&utm_content=original,https://upload.wikimedia.org/wikipedia/commons/thumb/5/50/%E6%B8%85%E6%99%9A%E6%9C%9F_%E7%9B%A7%E8%91%B5%E7%94%9F%E6%AC%BE_%E5%89%94%E7%B4%85%E9%83%AD%E5%AD%90%E5%84%80%E8%B3%80%E5%A3%BD%E5%9C%96%E5%B1%8F%E9%A2%A8-Screen_with_birthday_celebration_for_General_Guo_Ziyi_MET_DP211894.jpg/960px-%E6%B8%85%E6%99%9A%E6%9C%9F_%E7%9B%A7%E8%91%B5%E7%94%9F%E6%AC%BE_%E5%89%94%E7%B4%85%E9%83%AD%E5%AD%90%E5%84%80%E8%B3%80%E5%A3%BD%E5%9C%96%E5%B1%8F%E9%A2%A8-Screen_with_birthday_celebration_for_General_Guo_Ziyi_MET_DP211894.jpg?utm_source=commons.wikimedia.org&utm_campaign=imageinfo&utm_content=thumbnail,raw\S006\additional_02.jpg,9ea30057f9ae7a91e9f4587606b932b8e0dd030fc23bc1974a67e890073dc099,161148,4000,3001,image/jpeg,auxiliary_candidate,yes,,,
COM_59233431,S006,COM_59233431,MET_64086,Wikimedia Commons,59233431,清晚期 盧葵生款 剔紅郭子儀賀壽圖屏風-Screen with birthday celebration for General Guo Ziyi MET DP211903.jpg,scaled_800px,CC0,public_domain,https://commons.wikimedia.org/wiki/File:%E6%B8%85%E6%99%9A%E6%9C%9F_%E7%9B%A7%E8%91%B5%E7%94%9F%E6%AC%BE_%E5%89%94%E7%B4%85%E9%83%AD%E5%AD%90%E5%84%80%E8%B3%80%E5%A3%BD%E5%9C%96%E5%B1%8F%E9%A2%A8-Screen_with_birthday_celebration_for_General_Guo_Ziyi_MET_DP211903.jpg,https://upload.wikimedia.org/wikipedia/commons/7/7d/%E6%B8%85%E6%99%9A%E6%9C%9F_%E7%9B%A7%E8%91%B5%E7%94%9F%E6%AC%BE_%E5%89%94%E7%B4%85%E9%83%AD%E5%AD%90%E5%84%80%E8%B3%80%E5%A3%BD%E5%9C%96%E5%B1%8F%E9%A2%A8-Screen_with_birthday_celebration_for_General_Guo_Ziyi_MET_DP211903.jpg?utm_source=commons.wikimedia.org&utm_campaign=imageinfo&utm_content=original,https://upload.wikimedia.org/wikipedia/commons/thumb/7/7d/%E6%B8%85%E6%99%9A%E6%9C%9F_%E7%9B%A7%E8%91%B5%E7%94%9F%E6%AC%BE_%E5%89%94%E7%B4%85%E9%83%AD%E5%AD%90%E5%84%80%E8%B3%80%E5%A3%BD%E5%9C%96%E5%B1%8F%E9%A2%A8-Screen_with_birthday_celebration_for_General_Guo_Ziyi_MET_DP211903.jpg/960px-%E6%B8%85%E6%99%9A%E6%9C%9F_%E7%9B%A7%E8%91%B5%E7%94%9F%E6%AC%BE_%E5%89%94%E7%B4%85%E9%83%AD%E5%AD%90%E5%84%80%E8%B3%80%E5%A3%BD%E5%9C%96%E5%B1%8F%E9%A2%A8-Screen_with_birthday_celebration_for_General_Guo_Ziyi_MET_DP211903.jpg?utm_source=commons.wikimedia.org&utm_campaign=imageinfo&utm_content=thumbnail,raw\S006\additional_03.jpg,cc45eab0663c46ffea5f79121b3715867fd0491a0acaa2ce8164191955952a8e,484754,3001,4000,image/jpeg,auxiliary_candidate,yes,,,
COM_61281379,S009,COM_61281379,COM_GROUP_063e06a5c9a1,Wikimedia Commons,61281379,"Cina, paravento coromandel, 1690 ca, legno, lacca e carta, 02.jpg",scaled_800px,CC BY 3.0,cc_by,"https://commons.wikimedia.org/wiki/File:Cina,_paravento_coromandel,_1690_ca,_legno,_lacca_e_carta,_02.jpg",https://upload.wikimedia.org/wikipedia/commons/9/91/Cina%2C_paravento_coromandel%2C_1690_ca%2C_legno%2C_lacca_e_carta%2C_02.jpg?utm_source=commons.wikimedia.org&utm_campaign=imageinfo&utm_content=original,https://upload.wikimedia.org/wikipedia/commons/thumb/9/91/Cina%2C_paravento_coromandel%2C_1690_ca%2C_legno%2C_lacca_e_carta%2C_02.jpg/960px-Cina%2C_paravento_coromandel%2C_1690_ca%2C_legno%2C_lacca_e_carta%2C_02.jpg?utm_source=commons.wikimedia.org&utm_campaign=imageinfo&utm_content=thumbnail,raw\S009\full.jpg,57f657769fd4ae79ac6efc1d8b3a5febff5f74c7fb8b3bb83f0d42359f2d5c52,613014,1296,3090,image/jpeg,auxiliary_candidate,yes,,,
COM_61281380,S009,COM_61281380,COM_GROUP_063e06a5c9a1,Wikimedia Commons,61281380,"Cina, paravento coromandel, 1690 ca, legno, lacca e carta, 03.jpg",scaled_800px,CC BY 3.0,cc_by,"https://commons.wikimedia.org/wiki/File:Cina,_paravento_coromandel,_1690_ca,_legno,_lacca_e_carta,_03.jpg",https://upload.wikimedia.org/wikipedia/commons/9/94/Cina%2C_paravento_coromandel%2C_1690_ca%2C_legno%2C_lacca_e_carta%2C_03.jpg?utm_source=commons.wikimedia.org&utm_campaign=imageinfo&utm_content=original,https://upload.wikimedia.org/wikipedia/commons/thumb/9/94/Cina%2C_paravento_coromandel%2C_1690_ca%2C_legno%2C_lacca_e_carta%2C_03.jpg/960px-Cina%2C_paravento_coromandel%2C_1690_ca%2C_legno%2C_lacca_e_carta%2C_03.jpg?utm_source=commons.wikimedia.org&utm_campaign=imageinfo&utm_content=thumbnail,raw\S009\additional.jpg,4cdc680ce5980be4480fea1ebd5ccc51a99e02a831d105f4f79de4cee311c77b,492062,1692,2886,image/jpeg,auxiliary_candidate,yes,,,
COM_61281381,S009,COM_61281381,COM_GROUP_063e06a5c9a1,Wikimedia Commons,61281381,"Cina, paravento coromandel, 1690 ca, legno, lacca e carta, 01.jpg",scaled_800px,CC BY 3.0,cc_by,"https://commons.wikimedia.org/wiki/File:Cina,_paravento_coromandel,_1690_ca,_legno,_lacca_e_carta,_01.jpg",https://upload.wikimedia.org/wikipedia/commons/6/6d/Cina%2C_paravento_coromandel%2C_1690_ca%2C_legno%2C_lacca_e_carta%2C_01.jpg?utm_source=commons.wikimedia.org&utm_campaign=imageinfo&utm_content=original,https://upload.wikimedia.org/wikipedia/commons/thumb/6/6d/Cina%2C_paravento_coromandel%2C_1690_ca%2C_legno%2C_lacca_e_carta%2C_01.jpg/960px-Cina%2C_paravento_coromandel%2C_1690_ca%2C_legno%2C_lacca_e_carta%2C_01.jpg?utm_source=commons.wikimedia.org&utm_campaign=imageinfo&utm_content=thumbnail,raw\S009\additional_01.jpg,1d9aff652e3f1b035f0116b4ccc79a251d1ebee4902bf3ec9289684ab3f5ca89,215039,3236,1744,image/jpeg,auxiliary_candidate,yes,,,
COM_61281382,S009,COM_61281382,COM_GROUP_063e06a5c9a1,Wikimedia Commons,61281382,"Cina, paravento coromandel, 1690 ca, legno, lacca e carta, 04.jpg",scaled_800px,CC BY 3.0,cc_by,"https://commons.wikimedia.org/wiki/File:Cina,_paravento_coromandel,_1690_ca,_legno,_lacca_e_carta,_04.jpg",https://upload.wikimedia.org/wikipedia/commons/2/23/Cina%2C_paravento_coromandel%2C_1690_ca%2C_legno%2C_lacca_e_carta%2C_04.jpg?utm_source=commons.wikimedia.org&utm_campaign=imageinfo&utm_content=original,https://upload.wikimedia.org/wikipedia/commons/thumb/2/23/Cina%2C_paravento_coromandel%2C_1690_ca%2C_legno%2C_lacca_e_carta%2C_04.jpg/960px-Cina%2C_paravento_coromandel%2C_1690_ca%2C_legno%2C_lacca_e_carta%2C_04.jpg?utm_source=commons.wikimedia.org&utm_campaign=imageinfo&utm_content=thumbnail,raw\S009\additional_02.jpg,7a831cc22db4da5831bbe2818e96433aeac2b0ee4b73ad7edc16cf47ec8d5e25,563238,1950,3456,image/jpeg,auxiliary_candidate,yes,,,
COM_61281383,S009,COM_61281383,COM_GROUP_063e06a5c9a1,Wikimedia Commons,61281383,"Cina, paravento coromandel, 1690 ca, legno, lacca e carta, 05.jpg",scaled_800px,CC BY 3.0,cc_by,"https://commons.wikimedia.org/wiki/File:Cina,_paravento_coromandel,_1690_ca,_legno,_lacca_e_carta,_05.jpg",https://upload.wikimedia.org/wikipedia/commons/8/8b/Cina%2C_paravento_coromandel%2C_1690_ca%2C_legno%2C_lacca_e_carta%2C_05.jpg?utm_source=commons.wikimedia.org&utm_campaign=imageinfo&utm_content=original,https://upload.wikimedia.org/wikipedia/commons/thumb/8/8b/Cina%2C_paravento_coromandel%2C_1690_ca%2C_legno%2C_lacca_e_carta%2C_05.jpg/960px-Cina%2C_paravento_coromandel%2C_1690_ca%2C_legno%2C_lacca_e_carta%2C_05.jpg?utm_source=commons.wikimedia.org&utm_campaign=imageinfo&utm_content=thumbnail,raw\S009\additional_03.jpg,1f0a61c303650c1733c3685cc5a6d33501544161651d19554d761ef7bcf8f881,669286,1734,3354,image/jpeg,auxiliary_candidate,yes,,,
COM_61281384,S009,COM_61281384,COM_GROUP_063e06a5c9a1,Wikimedia Commons,61281384,"Cina, paravento coromandel, 1690 ca, legno, lacca e carta, 06.jpg",scaled_800px,CC BY 3.0,cc_by,"https://commons.wikimedia.org/wiki/File:Cina,_paravento_coromandel,_1690_ca,_legno,_lacca_e_carta,_06.jpg",https://upload.wikimedia.org/wikipedia/commons/0/04/Cina%2C_paravento_coromandel%2C_1690_ca%2C_legno%2C_lacca_e_carta%2C_06.jpg?utm_source=commons.wikimedia.org&utm_campaign=imageinfo&utm_content=original,https://upload.wikimedia.org/wikipedia/commons/thumb/0/04/Cina%2C_paravento_coromandel%2C_1690_ca%2C_legno%2C_lacca_e_carta%2C_06.jpg/960px-Cina%2C_paravento_coromandel%2C_1690_ca%2C_legno%2C_lacca_e_carta%2C_06.jpg?utm_source=commons.wikimedia.org&utm_campaign=imageinfo&utm_content=thumbnail,raw\S009\additional_04.jpg,4266d5122252f4748433d72d9c3a65e3610349ff6ee05ee1ee9e9d2a5bc0f8da,348217,1780,1964,image/jpeg,auxiliary_candidate,yes,,,
COM_61281385,S009,COM_61281385,COM_GROUP_063e06a5c9a1,Wikimedia Commons,61281385,"Cina, paravento coromandel, 1690 ca, legno, lacca e carta, 07.jpg",scaled_800px,CC BY 3.0,cc_by,"https://commons.wikimedia.org/wiki/File:Cina,_paravento_coromandel,_1690_ca,_legno,_lacca_e_carta,_07.jpg",https://upload.wikimedia.org/wikipedia/commons/c/cb/Cina%2C_paravento_coromandel%2C_1690_ca%2C_legno%2C_lacca_e_carta%2C_07.jpg?utm_source=commons.wikimedia.org&utm_campaign=imageinfo&utm_content=original,https://upload.wikimedia.org/wikipedia/commons/thumb/c/cb/Cina%2C_paravento_coromandel%2C_1690_ca%2C_legno%2C_lacca_e_carta%2C_07.jpg/960px-Cina%2C_paravento_coromandel%2C_1690_ca%2C_legno%2C_lacca_e_carta%2C_07.jpg?utm_source=commons.wikimedia.org&utm_campaign=imageinfo&utm_content=thumbnail,raw\S009\additional_05.jpg,17842098e863612e62123e6554755cd1cbeb4175c3a8ddf8277c39e242186469,289441,2596,2304,image/jpeg,auxiliary_candidate,yes,,,
COM_61281386,S009,COM_61281386,COM_GROUP_063e06a5c9a1,Wikimedia Commons,61281386,"Cina, paravento coromandel, 1690 ca, legno, lacca e carta, 09.jpg",scaled_800px,CC BY 3.0,cc_by,"https://commons.wikimedia.org/wiki/File:Cina,_paravento_coromandel,_1690_ca,_legno,_lacca_e_carta,_09.jpg",https://upload.wikimedia.org/wikipedia/commons/9/9f/Cina%2C_paravento_coromandel%2C_1690_ca%2C_legno%2C_lacca_e_carta%2C_09.jpg?utm_source=commons.wikimedia.org&utm_campaign=imageinfo&utm_content=original,https://upload.wikimedia.org/wikipedia/commons/thumb/9/9f/Cina%2C_paravento_coromandel%2C_1690_ca%2C_legno%2C_lacca_e_carta%2C_09.jpg/960px-Cina%2C_paravento_coromandel%2C_1690_ca%2C_legno%2C_lacca_e_carta%2C_09.jpg?utm_source=commons.wikimedia.org&utm_campaign=imageinfo&utm_content=thumbnail,raw\S009\additional_06.jpg,58bf2442e1aaec5c571600e4bdc3576294a63db9606609d4b21e54a2b04953fc,331748,1944,2304,image/jpeg,auxiliary_candidate,yes,,,
COM_61281387,S009,COM_61281387,COM_GROUP_063e06a5c9a1,Wikimedia Commons,61281387,"Cina, paravento coromandel, 1690 ca, legno, lacca e carta, 08.jpg",scaled_800px,CC BY 3.0,cc_by,"https://commons.wikimedia.org/wiki/File:Cina,_paravento_coromandel,_1690_ca,_legno,_lacca_e_carta,_08.jpg",https://upload.wikimedia.org/wikipedia/commons/f/f6/Cina%2C_paravento_coromandel%2C_1690_ca%2C_legno%2C_lacca_e_carta%2C_08.jpg?utm_source=commons.wikimedia.org&utm_campaign=imageinfo&utm_content=original,https://upload.wikimedia.org/wikipedia/commons/thumb/f/f6/Cina%2C_paravento_coromandel%2C_1690_ca%2C_legno%2C_lacca_e_carta%2C_08.jpg/960px-Cina%2C_paravento_coromandel%2C_1690_ca%2C_legno%2C_lacca_e_carta%2C_08.jpg?utm_source=commons.wikimedia.org&utm_campaign=imageinfo&utm_content=thumbnail,raw\S009\additional_07.jpg,191aca585a915fb7a2bfbf813edacb9975b3fa02b8ecfa12496496da7f0c89d8,641863,1932,3456,image/jpeg,auxiliary_candidate,yes,,,
COM_61281389,S009,COM_61281389,COM_GROUP_063e06a5c9a1,Wikimedia Commons,61281389,"Cina, paravento coromandel, 1690 ca, legno, lacca e carta, 10.jpg",scaled_800px,CC BY 3.0,cc_by,"https://commons.wikimedia.org/wiki/File:Cina,_paravento_coromandel,_1690_ca,_legno,_lacca_e_carta,_10.jpg",https://upload.wikimedia.org/wikipedia/commons/2/26/Cina%2C_paravento_coromandel%2C_1690_ca%2C_legno%2C_lacca_e_carta%2C_10.jpg?utm_source=commons.wikimedia.org&utm_campaign=imageinfo&utm_content=original,https://upload.wikimedia.org/wikipedia/commons/thumb/2/26/Cina%2C_paravento_coromandel%2C_1690_ca%2C_legno%2C_lacca_e_carta%2C_10.jpg/960px-Cina%2C_paravento_coromandel%2C_1690_ca%2C_legno%2C_lacca_e_carta%2C_10.jpg?utm_source=commons.wikimedia.org&utm_campaign=imageinfo&utm_content=thumbnail,raw\S009\additional_08.jpg,48ebcf8fe9632d873a50234b33161746f758d6224242e1efcdd1b68455509d78,536362,2190,3456,image/jpeg,auxiliary_candidate,yes,,,
COM_61281390,S009,COM_61281390,COM_GROUP_063e06a5c9a1,Wikimedia Commons,61281390,"Cina, paravento coromandel, 1690 ca, legno, lacca e carta, 11 cavalli.jpg",scaled_800px,CC BY 3.0,cc_by,"https://commons.wikimedia.org/wiki/File:Cina,_paravento_coromandel,_1690_ca,_legno,_lacca_e_carta,_11_cavalli.jpg",https://upload.wikimedia.org/wikipedia/commons/e/e9/Cina%2C_paravento_coromandel%2C_1690_ca%2C_legno%2C_lacca_e_carta%2C_11_cavalli.jpg?utm_source=commons.wikimedia.org&utm_campaign=imageinfo&utm_content=original,https://upload.wikimedia.org/wikipedia/commons/thumb/e/e9/Cina%2C_paravento_coromandel%2C_1690_ca%2C_legno%2C_lacca_e_carta%2C_11_cavalli.jpg/960px-Cina%2C_paravento_coromandel%2C_1690_ca%2C_legno%2C_lacca_e_carta%2C_11_cavalli.jpg?utm_source=commons.wikimedia.org&utm_campaign=imageinfo&utm_content=thumbnail,raw\S009\additional_09.jpg,faff61cd1f139e875301e1f116c6e2a7541c5e1192c45313b62fea02fe4ace07,221493,3456,2088,image/jpeg,auxiliary_candidate,yes,,,
COM_61281392,S009,COM_61281392,COM_GROUP_063e06a5c9a1,Wikimedia Commons,61281392,"Cina, paravento coromandel, 1690 ca, legno, lacca e carta, 12.jpg",scaled_800px,CC BY 3.0,cc_by,"https://commons.wikimedia.org/wiki/File:Cina,_paravento_coromandel,_1690_ca,_legno,_lacca_e_carta,_12.jpg",https://upload.wikimedia.org/wikipedia/commons/4/42/Cina%2C_paravento_coromandel%2C_1690_ca%2C_legno%2C_lacca_e_carta%2C_12.jpg?utm_source=commons.wikimedia.org&utm_campaign=imageinfo&utm_content=original,https://upload.wikimedia.org/wikipedia/commons/thumb/4/42/Cina%2C_paravento_coromandel%2C_1690_ca%2C_legno%2C_lacca_e_carta%2C_12.jpg/960px-Cina%2C_paravento_coromandel%2C_1690_ca%2C_legno%2C_lacca_e_carta%2C_12.jpg?utm_source=commons.wikimedia.org&utm_campaign=imageinfo&utm_content=thumbnail,raw\S009\additional_10.jpg,5f089e991c772480634ee981b1df92f176197d69a9ba57eded58062708df491e,576214,2016,3456,image/jpeg,auxiliary_candidate,yes,,,
COM_61281393,S009,COM_61281393,COM_GROUP_063e06a5c9a1,Wikimedia Commons,61281393,"Cina, paravento coromandel, 1690 ca, legno, lacca e carta, 14.jpg",scaled_800px,CC BY 3.0,cc_by,"https://commons.wikimedia.org/wiki/File:Cina,_paravento_coromandel,_1690_ca,_legno,_lacca_e_carta,_14.jpg",https://upload.wikimedia.org/wikipedia/commons/d/d2/Cina%2C_paravento_coromandel%2C_1690_ca%2C_legno%2C_lacca_e_carta%2C_14.jpg?utm_source=commons.wikimedia.org&utm_campaign=imageinfo&utm_content=original,https://upload.wikimedia.org/wikipedia/commons/thumb/d/d2/Cina%2C_paravento_coromandel%2C_1690_ca%2C_legno%2C_lacca_e_carta%2C_14.jpg/960px-Cina%2C_paravento_coromandel%2C_1690_ca%2C_legno%2C_lacca_e_carta%2C_14.jpg?utm_source=commons.wikimedia.org&utm_campaign=imageinfo&utm_content=thumbnail,raw\S009\additional_11.jpg,bb2ef2ecb9baf2e16d8554aedeaf7463a67f4c48bf82474539dcf9dd74ba3c5c,782959,1494,3402,image/jpeg,auxiliary_candidate,yes,,,
COM_61281394,S009,COM_61281394,COM_GROUP_063e06a5c9a1,Wikimedia Commons,61281394,"Cina, paravento coromandel, 1690 ca, legno, lacca e carta, 13.jpg",scaled_800px,CC BY 3.0,cc_by,"https://commons.wikimedia.org/wiki/File:Cina,_paravento_coromandel,_1690_ca,_legno,_lacca_e_carta,_13.jpg",https://upload.wikimedia.org/wikipedia/commons/a/af/Cina%2C_paravento_coromandel%2C_1690_ca%2C_legno%2C_lacca_e_carta%2C_13.jpg?utm_source=commons.wikimedia.org&utm_campaign=imageinfo&utm_content=original,https://upload.wikimedia.org/wikipedia/commons/thumb/a/af/Cina%2C_paravento_coromandel%2C_1690_ca%2C_legno%2C_lacca_e_carta%2C_13.jpg/960px-Cina%2C_paravento_coromandel%2C_1690_ca%2C_legno%2C_lacca_e_carta%2C_13.jpg?utm_source=commons.wikimedia.org&utm_campaign=imageinfo&utm_content=thumbnail,raw\S009\additional_12.jpg,e6920f377e7ff5ddb6b62de480a6616dc81b1daf5ffee06fbfa9f6bc416ccacc,468671,2076,3456,image/jpeg,auxiliary_candidate,yes,,,
COM_61281395,S009,COM_61281395,COM_GROUP_063e06a5c9a1,Wikimedia Commons,61281395,"Cina, paravento coromandel, 1690 ca, legno, lacca e carta, 15.jpg",scaled_800px,CC BY 3.0,cc_by,"https://commons.wikimedia.org/wiki/File:Cina,_paravento_coromandel,_1690_ca,_legno,_lacca_e_carta,_15.jpg",https://upload.wikimedia.org/wikipedia/commons/3/33/Cina%2C_paravento_coromandel%2C_1690_ca%2C_legno%2C_lacca_e_carta%2C_15.jpg?utm_source=commons.wikimedia.org&utm_campaign=imageinfo&utm_content=original,https://upload.wikimedia.org/wikipedia/commons/thumb/3/33/Cina%2C_paravento_coromandel%2C_1690_ca%2C_legno%2C_lacca_e_carta%2C_15.jpg/960px-Cina%2C_paravento_coromandel%2C_1690_ca%2C_legno%2C_lacca_e_carta%2C_15.jpg?utm_source=commons.wikimedia.org&utm_campaign=imageinfo&utm_content=thumbnail,raw\S009\additional_13.jpg,56f9d4409f943ad32fa7f6d027c8463f7f4eb1e758f28e052e4ee72f7a9b7d09,678626,1596,3372,image/jpeg,auxiliary_candidate,yes,,,
COM_77442056,S008,COM_77442056,COM_GROUP_a95dedfc224c,Wikimedia Commons,77442056,黄花梨嵌刻灰彩绘楼台人物纹屏心十二扇屏风07608.jpg,scaled_800px,CC BY-SA 4.0,cc_by_sa_review,https://commons.wikimedia.org/wiki/File:%E9%BB%84%E8%8A%B1%E6%A2%A8%E5%B5%8C%E5%88%BB%E7%81%B0%E5%BD%A9%E7%BB%98%E6%A5%BC%E5%8F%B0%E4%BA%BA%E7%89%A9%E7%BA%B9%E5%B1%8F%E5%BF%83%E5%8D%81%E4%BA%8C%E6%89%87%E5%B1%8F%E9%A3%8E07608.jpg,https://upload.wikimedia.org/wikipedia/commons/4/4b/%E9%BB%84%E8%8A%B1%E6%A2%A8%E5%B5%8C%E5%88%BB%E7%81%B0%E5%BD%A9%E7%BB%98%E6%A5%BC%E5%8F%B0%E4%BA%BA%E7%89%A9%E7%BA%B9%E5%B1%8F%E5%BF%83%E5%8D%81%E4%BA%8C%E6%89%87%E5%B1%8F%E9%A3%8E07608.jpg?utm_source=commons.wikimedia.org&utm_campaign=imageinfo&utm_content=original,https://upload.wikimedia.org/wikipedia/commons/thumb/4/4b/%E9%BB%84%E8%8A%B1%E6%A2%A8%E5%B5%8C%E5%88%BB%E7%81%B0%E5%BD%A9%E7%BB%98%E6%A5%BC%E5%8F%B0%E4%BA%BA%E7%89%A9%E7%BA%B9%E5%B1%8F%E5%BF%83%E5%8D%81%E4%BA%8C%E6%89%87%E5%B1%8F%E9%A3%8E07608.jpg/960px-%E9%BB%84%E8%8A%B1%E6%A2%A8%E5%B5%8C%E5%88%BB%E7%81%B0%E5%BD%A9%E7%BB%98%E6%A5%BC%E5%8F%B0%E4%BA%BA%E7%89%A9%E7%BA%B9%E5%B1%8F%E5%BF%83%E5%8D%81%E4%BA%8C%E6%89%87%E5%B1%8F%E9%A3%8E07608.jpg?utm_source=commons.wikimedia.org&utm_campaign=imageinfo&utm_content=thumbnail,raw\S008\full.jpg,ed24b5140f04a67d25c347d90ffd46d1bb32a74acff06645ed4e8770d54b13c9,186486,7952,5304,image/jpeg,core_candidate,no,,,
COM_77442315,S013,COM_77442315,COM_GROUP_5b64483b2c79,Wikimedia Commons,77442315,描金彩绘高浮雕海水云龙纹硬木屏风07616.jpg,scaled_800px,CC BY-SA 4.0,cc_by_sa_review,https://commons.wikimedia.org/wiki/File:%E6%8F%8F%E9%87%91%E5%BD%A9%E7%BB%98%E9%AB%98%E6%B5%AE%E9%9B%95%E6%B5%B7%E6%B0%B4%E4%BA%91%E9%BE%99%E7%BA%B9%E7%A1%AC%E6%9C%A8%E5%B1%8F%E9%A3%8E07616.jpg,https://upload.wikimedia.org/wikipedia/commons/a/aa/%E6%8F%8F%E9%87%91%E5%BD%A9%E7%BB%98%E9%AB%98%E6%B5%AE%E9%9B%95%E6%B5%B7%E6%B0%B4%E4%BA%91%E9%BE%99%E7%BA%B9%E7%A1%AC%E6%9C%A8%E5%B1%8F%E9%A3%8E07616.jpg?utm_source=commons.wikimedia.org&utm_campaign=imageinfo&utm_content=original,https://upload.wikimedia.org/wikipedia/commons/thumb/a/aa/%E6%8F%8F%E9%87%91%E5%BD%A9%E7%BB%98%E9%AB%98%E6%B5%AE%E9%9B%95%E6%B5%B7%E6%B0%B4%E4%BA%91%E9%BE%99%E7%BA%B9%E7%A1%AC%E6%9C%A8%E5%B1%8F%E9%A3%8E07616.jpg/960px-%E6%8F%8F%E9%87%91%E5%BD%A9%E7%BB%98%E9%AB%98%E6%B5%AE%E9%9B%95%E6%B5%B7%E6%B0%B4%E4%BA%91%E9%BE%99%E7%BA%B9%E7%A1%AC%E6%9C%A8%E5%B1%8F%E9%A3%8E07616.jpg?utm_source=commons.wikimedia.org&utm_campaign=imageinfo&utm_content=thumbnail,raw\S013\full.jpg,2a28c2836ef17e3c297bfd82ffad7a32a607833e749c9eefe3f81c5726482d7e,321641,5304,7072,image/jpeg,auxiliary_candidate,yes,,,
COM_77588447,S010,COM_77588447,COM_GROUP_d6b4e0cba8c4,Wikimedia Commons,77588447,"Standing screen with boys at play, China, probably Suzhou, Qianlong period, 1736-1795 AD, carved lacquer on wood core - Peabody Essex Museum - DSC07968.jpg",scaled_800px,Public domain,public_domain,"https://commons.wikimedia.org/wiki/File:Standing_screen_with_boys_at_play,_China,_probably_Suzhou,_Qianlong_period,_1736-1795_AD,_carved_lacquer_on_wood_core_-_Peabody_Essex_Museum_-_DSC07968.jpg",https://upload.wikimedia.org/wikipedia/commons/5/5c/Standing_screen_with_boys_at_play%2C_China%2C_probably_Suzhou%2C_Qianlong_period%2C_1736-1795_AD%2C_carved_lacquer_on_wood_core_-_Peabody_Essex_Museum_-_DSC07968.jpg?utm_source=commons.wikimedia.org&utm_campaign=imageinfo&utm_content=original,https://upload.wikimedia.org/wikipedia/commons/thumb/5/5c/Standing_screen_with_boys_at_play%2C_China%2C_probably_Suzhou%2C_Qianlong_period%2C_1736-1795_AD%2C_carved_lacquer_on_wood_core_-_Peabody_Essex_Museum_-_DSC07968.jpg/960px-Standing_screen_with_boys_at_play%2C_China%2C_probably_Suzhou%2C_Qianlong_period%2C_1736-1795_AD%2C_carved_lacquer_on_wood_core_-_Peabody_Essex_Museum_-_DSC07968.jpg?utm_source=commons.wikimedia.org&utm_campaign=imageinfo&utm_content=thumbnail,raw\S010\full.jpg,9847af3d5149dba4d30afb6ecefb0b7579c11a3d94834d96af7b55f2795198f7,279474,4140,3368,image/jpeg,auxiliary_candidate,yes,,,
COM_84375343,S023,COM_84375343,COM_GROUP_5183d41bece2,Wikimedia Commons,84375343,马降龙 03 - 屏风.jpg,scaled_800px,CC0,public_domain,https://commons.wikimedia.org/wiki/File:%E9%A9%AC%E9%99%8D%E9%BE%99_03_-_%E5%B1%8F%E9%A3%8E.jpg,https://upload.wikimedia.org/wikipedia/commons/a/a2/%E9%A9%AC%E9%99%8D%E9%BE%99_03_-_%E5%B1%8F%E9%A3%8E.jpg?utm_source=commons.wikimedia.org&utm_campaign=imageinfo&utm_content=original,https://upload.wikimedia.org/wikipedia/commons/thumb/a/a2/%E9%A9%AC%E9%99%8D%E9%BE%99_03_-_%E5%B1%8F%E9%A3%8E.jpg/960px-%E9%A9%AC%E9%99%8D%E9%BE%99_03_-_%E5%B1%8F%E9%A3%8E.jpg?utm_source=commons.wikimedia.org&utm_campaign=imageinfo&utm_content=thumbnail,raw\S023\full.jpg,6d65b94cb4004adaf9d51519cfc0a280a682439b418c6cca30d58bf00c2f58d7,286517,3072,4096,image/jpeg,auxiliary_candidate,yes,,,Ming/Qing date not explicit
