screen_id,record_id,source_group_id,source,source_object_id,source_record_ids,title,object_type,period,period_group,date,date_begin,date_end,culture,country,material,surface_type,dimensions,panel_count_guess,panel_count_manual,museum,accession_no,license,license_class,source_url,dataset_role,needs_manual_review,include_core,candidate_score,image_count,notes
S001,MET_61665,MET_61665,The Met,61665,COM_59227297; COM_59227301; MET_61665_additional_01; MET_61665_full,Palace Scene,Screen,"Qing dynasty (1644–1911), Kangxi period (1662–1722)",traditional_core,datable to 1689–1690,1689,1690,China,,"Twelve-panel folding screen; wood, painted, lacquered and with gilt",mixed,9 ft. 8 1/2 in. × 20 ft. 3 in. (295.9 × 617.2 cm),12,,The Metropolitan Museum of Art,09.6a–l,Public Domain,public_domain,https://www.metmuseum.org/art/collection/search/61665,core_candidate,no,yes,26,4,2 linked Commons image records; 2 linked Commons image records; 2 linked Commons image records; 2 linked Commons image records
S002,MET_64085,MET_64085,The Met,64085,MET_64085_additional_01; MET_64085_additional_02; MET_64085_additional_03; MET_64085_additional_04; MET_64085_full,Screen,Screen,"Qing dynasty (1644–1911), Kangxi period (1662–1722)",traditional_core,1676,1676,1676,China,,"Five-panel folding screen; lacquer on wood, colors and gold",lacquer,83 x 95 in. (210.8 x 241.3 cm),5,,The Metropolitan Museum of Art,1970.103a–e,Public Domain,public_domain,https://www.metmuseum.org/art/collection/search/64085,core_candidate,no,yes,26,5,
S003,MET_911983,MET_911983,The Met,911983,COM_57379603; MET_911983_additional_01; MET_911983_additional_02; MET_911983_additional_03; MET_911983_additional_04; MET_911983_full,Complete Geographical Map of the Everlasting Unified Qing Empire,Screen,"Qing dynasty (1644–1911), Jiaqing period (1796–1820)",traditional_core,18th century,1796,1820,"China, Suzhou",,Four-panel folding screen; woodblock print; ink and color on paper,mixed,Each panel: 52 3/16 × 11 13/16 in. (132.6 × 30 cm),4,,The Metropolitan Museum of Art,2025.437,Public Domain,public_domain,https://www.metmuseum.org/art/collection/search/911983,core_candidate,no,yes,26,6,1 linked Commons image records; 1 linked Commons image records; 1 linked Commons image records; 1 linked Commons image records
S030,RIJKS_200364785,RIJKS_200364785,Rijksmuseum,200364785,RIJKS_200364785_full,Folding Screen with Dutch ships,Folding screen; furniture,Qing dynasty,traditional_core,c. 1685 - c. 1700,1685,1700,Chinese,South China,Coromandel lacquer; bronze,lacquer,321 x 624 x 2 cm,12,,Rijksmuseum,BK-1959-99,Public Domain,public_domain,https://id.rijksmuseum.nl/200364785,core_candidate,no,yes,25,1,Official object page and Linked Art record reviewed; complete 12-panel screen made in South China.
S029,SI_F1906_42A_L,SI_F1906_42A_L,Smithsonian National Museum of Asian Art,edanmdm:fsg_F1906.42a-l,SI_F1906_42A_L_001; SI_F1906_42A_L_002; SI_F1906_42A_L_003; SI_F1906_42A_L_004,Twelve-panel screen depicting Spring Morning in the Han Palace,Folding screen,"Qing dynasty, Kangxi reign",traditional_core,May-June 1672,1672,1672,Chinese,China,Black lacquer on prepared wooden core; carved recesses filled with polychrome pigments and gold (kuancai),lacquer,216.5 x 50.1 x 606.5 cm,12,,National Museum of Asian Art,F1906.42a-l,CC0,cc0,https://asia.si.edu/explore-art-culture/collections/search/edanmdm%3Afsg_F1906.42a-l/,core_candidate,no,yes,25,4,Official object page and IIIF manifest reviewed; complete 12-panel screen.
S004,MET_64084,MET_64084,The Met,64084,MET_64084_additional_01; MET_64084_full,Screen,Screen,late Ming dynasty (1368–1644),traditional_core,,1368,1644,China,,Eight-panel folding screen; colors and gold on silk,unknown,72 1/2 in. × 16 ft. 8 1/2 in. (184.2 × 509.3 cm) Other (Folded): 72 1/4 in. × 25 3/4 in. × 5 in. (183.5 × 65.4 × 12.7 cm),8,,The Metropolitan Museum of Art,62.98.1,Public Domain,public_domain,https://www.metmuseum.org/art/collection/search/64084,core_candidate,no,yes,24,2,
S005,MET_64083,MET_64083,The Met,64083,MET_64083_additional_01; MET_64083_full,Folding screen with figures in a landscape,Screen,Qing dynasty (1644–1911),traditional_auxiliary,19th century,1800,1899,China,,Carved talc mounted on silk,unknown,"Overall (open, curved): 65 1/2 in. × 12 ft. × 24 in. (166.4 × 365.8 × 61 cm) Each panel: 64 1/2 × 19 5/8 in. (163.8 × 49.8 cm) Each panel (image): 43 in. × 17 1/8 in. (109.2 × 43.5 cm)",,,The Metropolitan Museum of Art,13.220.80a–h,Public Domain,public_domain,https://www.metmuseum.org/art/collection/search/64083,auxiliary_candidate,yes,no,22,2,panel count not stated
S006,MET_64086,MET_64086,The Met,64086,COM_160739790; COM_160739795; COM_176638606; COM_59233428; COM_59233430; COM_59233431; MET_64086_additional_01; MET_64086_additional_02; MET_64086_full,Folding screen with birthday celebration for General Guo Ziyi,Screen,Qing dynasty (1644–1911),traditional_auxiliary,19th century,1800,1899,China,,Carved red and black lacquer,lacquer,Open flat: 84 1/8 in. × 12 ft. 4 in. (213.7 × 375.9 cm) Open curved: 84 1/8 in. × 11 ft. 3 13/16 in. × 35 7/16 in. (213.7 × 345 × 90 cm),,,The Metropolitan Museum of Art,1971.74a–h,Public Domain,public_domain,https://www.metmuseum.org/art/collection/search/64086,auxiliary_candidate,yes,no,22,9,panel count not stated; 6 linked Commons image records; 6 linked Commons image records; 6 linked Commons image records; 6 linked Commons image records
S012,MET_784285,MET_784285,The Met,784285,MET_784285_additional_01; MET_784285_additional_02; MET_784285_full,"Crane, pine, and rock",Screen,Qing dynasty (1644–1911),traditional_auxiliary,late 19th century,1867,1899,China,,Set of four hanging scrolls mounted on a Japanese bi-fold screen; ink and color on silk,painting,Image: 59 1/2 × 55 3/8 in. (151.1 × 140.7 cm),,,The Metropolitan Museum of Art,2018.148,Public Domain,public_domain,https://www.metmuseum.org/art/collection/search/784285,auxiliary_candidate,yes,no,17,3,panel count not stated
S009,COM_GROUP_063e06a5c9a1,COM_GROUP_063e06a5c9a1,Wikimedia Commons,61281379,COM_61281379; COM_61281380; COM_61281381; COM_61281382; COM_61281383; COM_61281384; COM_61281385; COM_61281386; COM_61281387; COM_61281389; COM_61281390; COM_61281392; COM_61281393; COM_61281394; COM_61281395,"Cina, paravento coromandel, 1690 ca, legno, lacca e carta, 02.jpg",,,traditional_auxiliary,,,,,,,lacquer,,,,,,CC BY 3.0,cc_by,"https://commons.wikimedia.org/wiki/File:Cina,_paravento_coromandel,_1690_ca,_legno,_lacca_e_carta,_02.jpg",auxiliary_candidate,yes,,,15,Auto-grouped Commons object
S022,COM_GROUP_0ad49921d60a,COM_GROUP_0ad49921d60a,Wikimedia Commons,139659888,COM_139659888,"Cina, paravento, xviii-xix sec. ca.jpg",,,unknown_review,,,,,,,unknown,,,,,,CC BY 3.0,cc_by,"https://commons.wikimedia.org/wiki/File:Cina,_paravento,_xviii-xix_sec._ca.jpg",auxiliary_candidate,yes,,,1,Auto-grouped Commons object; Ming/Qing date not explicit
S026,COM_GROUP_1db00604a16d,COM_GROUP_1db00604a16d,Wikimedia Commons,155832624,COM_155832624,Interior of the Never-Resting Bodhisattva Grand Hall-10.2024-11-24.jpg,,,unknown_review,,,,,,,unknown,,,,,,CC BY-SA 4.0,cc_by_sa_review,https://commons.wikimedia.org/wiki/File:Interior_of_the_Never-Resting_Bodhisattva_Grand_Hall-10.2024-11-24.jpg,auxiliary_candidate,yes,,,1,Auto-grouped Commons object; Ming/Qing date not explicit
S023,COM_GROUP_5183d41bece2,COM_GROUP_5183d41bece2,Wikimedia Commons,84375343,COM_84375343,马降龙 03 - 屏风.jpg,,,traditional_auxiliary,,,,,,,unknown,,,,,,CC0,public_domain,https://commons.wikimedia.org/wiki/File:%E9%A9%AC%E9%99%8D%E9%BE%99_03_-_%E5%B1%8F%E9%A3%8E.jpg,auxiliary_candidate,yes,,,1,Auto-grouped Commons object; Ming/Qing date not explicit
S020,COM_GROUP_53ebac964941,COM_GROUP_53ebac964941,Wikimedia Commons,51350616,COM_51350616,"Cina, paravento bianco e blu in porcellana, xviii secolo.jpg",,,unknown_review,,,,,,,unknown,,,,,,CC BY-SA 4.0,cc_by_sa_review,"https://commons.wikimedia.org/wiki/File:Cina,_paravento_bianco_e_blu_in_porcellana,_xviii_secolo.jpg",auxiliary_candidate,yes,,,1,Auto-grouped Commons object
S013,COM_GROUP_5b64483b2c79,COM_GROUP_5b64483b2c79,Wikimedia Commons,77442315,COM_77442315,描金彩绘高浮雕海水云龙纹硬木屏风07616.jpg,,,traditional_auxiliary,,,,,,,painting,,,,,,CC BY-SA 4.0,cc_by_sa_review,https://commons.wikimedia.org/wiki/File:%E6%8F%8F%E9%87%91%E5%BD%A9%E7%BB%98%E9%AB%98%E6%B5%AE%E9%9B%95%E6%B5%B7%E6%B0%B4%E4%BA%91%E9%BE%99%E7%BA%B9%E7%A1%AC%E6%9C%A8%E5%B1%8F%E9%A3%8E07616.jpg,auxiliary_candidate,yes,,,1,Auto-grouped Commons object
S027,COM_GROUP_7af89d3688b5,COM_GROUP_7af89d3688b5,Wikimedia Commons,104576131,COM_104576131; COM_104576136,Folding screen with pines and cranes - MA 2137 - crane detail 02.jpg,,,traditional_auxiliary,,,,,,,unknown,,,,,,CC BY-SA 4.0,cc_by_sa_review,https://commons.wikimedia.org/wiki/File:Folding_screen_with_pines_and_cranes_-_MA_2137_-_crane_detail_02.jpg,auxiliary_candidate,yes,,,2,Auto-grouped Commons object; Ming/Qing date not explicit
S014,COM_GROUP_7ede36014770,COM_GROUP_7ede36014770,Wikimedia Commons,16061968,COM_16061968,"Landscape with Pavilion Screens by Yuan Jiang and Wang Yun, 1720 (2).jpg",,,traditional_auxiliary,,,,,,,unknown,,,,,,Public domain,public_domain,"https://commons.wikimedia.org/wiki/File:Landscape_with_Pavilion_Screens_by_Yuan_Jiang_and_Wang_Yun,_1720_(2).jpg",auxiliary_candidate,yes,,,1,Auto-grouped Commons object
S015,COM_GROUP_8bf38d8c58bd,COM_GROUP_8bf38d8c58bd,Wikimedia Commons,16061967,COM_16061967,"Landscape with Pavilion Screens by Yuan Jiang and Wang Yun, 1720 (1).jpg",,,traditional_auxiliary,,,,,,,unknown,,,,,,Public domain,public_domain,"https://commons.wikimedia.org/wiki/File:Landscape_with_Pavilion_Screens_by_Yuan_Jiang_and_Wang_Yun,_1720_(1).jpg",auxiliary_candidate,yes,,,1,Auto-grouped Commons object
S024,COM_GROUP_90d868ac4016,COM_GROUP_90d868ac4016,Wikimedia Commons,11931298,COM_11931298,Paravent - Musee Calouste Gulbenkian.jpg,,,unknown_review,,,,,,,unknown,,,,,,CC BY-SA 3.0,cc_by_sa_review,https://commons.wikimedia.org/wiki/File:Paravent_-_Musee_Calouste_Gulbenkian.jpg,auxiliary_candidate,yes,,,1,Auto-grouped Commons object; Ming/Qing date not explicit
S008,COM_GROUP_a95dedfc224c,COM_GROUP_a95dedfc224c,Wikimedia Commons,77442056,COM_77442056,黄花梨嵌刻灰彩绘楼台人物纹屏心十二扇屏风07608.jpg,,,traditional_core,,,,,,,painting,,,,,,CC BY-SA 4.0,cc_by_sa_review,https://commons.wikimedia.org/wiki/File:%E9%BB%84%E8%8A%B1%E6%A2%A8%E5%B5%8C%E5%88%BB%E7%81%B0%E5%BD%A9%E7%BB%98%E6%A5%BC%E5%8F%B0%E4%BA%BA%E7%89%A9%E7%BA%B9%E5%B1%8F%E5%BF%83%E5%8D%81%E4%BA%8C%E6%89%87%E5%B1%8F%E9%A3%8E07608.jpg,core_candidate,no,yes,,1,Auto-grouped Commons object
S016,COM_GROUP_c81a2cc7764c,COM_GROUP_c81a2cc7764c,Wikimedia Commons,51350617,COM_51350617; COM_51350620; COM_51350621; COM_51350622; COM_51350625,"Cina, paravento in stile coromandel, lacca, madreperla, tartaruga e oro, 1750-1800 ca. 00.jpg",,,traditional_auxiliary,,,,,,,lacquer,,,,,,CC BY-SA 4.0,cc_by_sa_review,"https://commons.wikimedia.org/wiki/File:Cina,_paravento_in_stile_coromandel,_lacca,_madreperla,_tartaruga_e_oro,_1750-1800_ca._00.jpg",auxiliary_candidate,yes,,,5,Auto-grouped Commons object
S017,COM_GROUP_cbeccaa1af19,COM_GROUP_cbeccaa1af19,Wikimedia Commons,156888530,COM_156888530,"Folding screen, c. 1650, Coromandel lacquer panels, brass hinges - Ham House - London, UK - DSC07886.jpg",,,traditional_auxiliary,,,,,,,lacquer,,,,,,Public domain,public_domain,"https://commons.wikimedia.org/wiki/File:Folding_screen,_c._1650,_Coromandel_lacquer_panels,_brass_hinges_-_Ham_House_-_London,_UK_-_DSC07886.jpg",auxiliary_candidate,yes,,,1,Auto-grouped Commons object; Ming/Qing date not explicit
S010,COM_GROUP_d6b4e0cba8c4,COM_GROUP_d6b4e0cba8c4,Wikimedia Commons,77588447,COM_77588447,"Standing screen with boys at play, China, probably Suzhou, Qianlong period, 1736-1795 AD, carved lacquer on wood core - Peabody Essex Museum - DSC07968.jpg",,,traditional_auxiliary,,,,,,,lacquer,,,,,,Public domain,public_domain,"https://commons.wikimedia.org/wiki/File:Standing_screen_with_boys_at_play,_China,_probably_Suzhou,_Qianlong_period,_1736-1795_AD,_carved_lacquer_on_wood_core_-_Peabody_Essex_Museum_-_DSC07968.jpg",auxiliary_candidate,yes,,,1,Auto-grouped Commons object
S028,COM_GROUP_e91c5ec5dcea,COM_GROUP_e91c5ec5dcea,Wikimedia Commons,155828354,COM_155828354,崇德園承玄堂 03. 20241124.jpg,,,unknown_review,,,,,,,unknown,,,,,,CC BY-SA 4.0,cc_by_sa_review,https://commons.wikimedia.org/wiki/File:%E5%B4%87%E5%BE%B7%E5%9C%92%E6%89%BF%E7%8E%84%E5%A0%82_03._20241124.jpg,auxiliary_candidate,yes,,,1,Auto-grouped Commons object; Ming/Qing date not explicit
S021,COM_GROUP_eb86f02e5b60,COM_GROUP_eb86f02e5b60,Wikimedia Commons,34212551,COM_34212551,Hofmobiliendepot - Chinesischer Paravent.jpg,,,unknown_review,,,,,,,unknown,,,,,,CC BY-SA 4.0,cc_by_sa_review,https://commons.wikimedia.org/wiki/File:Hofmobiliendepot_-_Chinesischer_Paravent.jpg,auxiliary_candidate,yes,,,1,Auto-grouped Commons object
S011,COM_GROUP_f1c18d53e278,COM_GROUP_f1c18d53e278,Wikimedia Commons,185491502,COM_185491502,"Small coromandel screen, China, Qing dynasty, 1700-1800 AD, lacquered and inlaid wood, black with colors, Asian Art Museum SF - DSC08683.jpg",,,traditional_auxiliary,,,,,,,lacquer,,,,,,CC0,public_domain,"https://commons.wikimedia.org/wiki/File:Small_coromandel_screen,_China,_Qing_dynasty,_1700-1800_AD,_lacquered_and_inlaid_wood,_black_with_colors,_Asian_Art_Museum_SF_-_DSC08683.jpg",auxiliary_candidate,yes,,,1,Auto-grouped Commons object
S025,COM_OBJECT_ELTHAM_COURT_COROMANDEL,COM_OBJECT_ELTHAM_COURT_COROMANDEL,Wikimedia Commons,173045322,COM_173045322; COM_173045359; COM_173045387,"1212906 II Star ELTHAM COURT (ELTHAM PALACE), COURT YARD, Chinese incised lacquer Coromandel screen Greenwich London 20250610 0001.jpg",,,traditional_auxiliary,,,,,,,lacquer,,,,,,CC BY-SA 4.0,cc_by_sa_review,"https://commons.wikimedia.org/wiki/File:1212906_II_Star_ELTHAM_COURT_(ELTHAM_PALACE),_COURT_YARD,_Chinese_incised_lacquer_Coromandel_screen_Greenwich_London_20250610_0001.jpg",auxiliary_candidate,yes,,,3,Auto-grouped Commons object; Ming/Qing date not explicit
S018,COM_OBJECT_NANTES_COROMANDEL,COM_OBJECT_NANTES_COROMANDEL,Wikimedia Commons,114357713,COM_114357713; COM_114357714; COM_196561140; COM_196561141; COM_24666533,"Musée d'histoire de Nantes - 211 - Paravent, laque de Coromandel.jpg",,,traditional_auxiliary,,,,,,,lacquer,,,,,,CC BY-SA 4.0,cc_by_sa_review,"https://commons.wikimedia.org/wiki/File:Mus%C3%A9e_d%27histoire_de_Nantes_-_211_-_Paravent,_laque_de_Coromandel.jpg",auxiliary_candidate,yes,,,5,Auto-grouped Commons object; Ming/Qing date not explicit
S019,COM_OBJECT_VILLA_EPHRUSSI_COROMANDEL,COM_OBJECT_VILLA_EPHRUSSI_COROMANDEL,Wikimedia Commons,15254943,COM_15254943; COM_15254977,Miscellany in the Villa Ephrussi de Rothschild - DSC04663.JPG,,,unknown_review,,,,,,,unknown,,,,,,Public domain,public_domain,https://commons.wikimedia.org/wiki/File:Miscellany_in_the_Villa_Ephrussi_de_Rothschild_-_DSC04663.JPG,auxiliary_candidate,yes,,,2,Auto-grouped Commons object; Ming/Qing date not explicit
S007,COM_OBJECT_WOMEN_IN_PALACE_12_PANEL,COM_OBJECT_WOMEN_IN_PALACE_12_PANEL,Wikimedia Commons,58784057,COM_58784057; COM_58784061; COM_58784069; COM_58784091; COM_58784100; COM_58784107; COM_58784109,清康熙 黑漆嵌螺鈿仕女圖屏風-Women in a Palace MET DP141220.jpg,,,traditional_core,,,,,,,lacquer,,,,,,CC0,public_domain,https://commons.wikimedia.org/wiki/File:%E6%B8%85%E5%BA%B7%E7%86%99_%E9%BB%91%E6%BC%86%E5%B5%8C%E8%9E%BA%E9%88%BF%E4%BB%95%E5%A5%B3%E5%9C%96%E5%B1%8F%E9%A2%A8-Women_in_a_Palace_MET_DP141220.jpg,core_candidate,no,yes,,7,Auto-grouped Commons object
